pipeline,dataset,asset,method,accuracy,precision,recall,f1,auc,tp,fp,tn,fn,n_test_total,n_test_crash,n_test_normal,threshold,source_file
CNN autoencoder,US3M,US Treasury yield 3 month,exponential,0.695,0.3333333333333333,0.173076923076923,0.2278481012658227,0.4961018711018711,,,,,200,52,148,0.0583615377545356,D:\tadgan_gaf\gaf\githup_exchange_ring\output\03_bond_anomaly\bond_3m_1y_5y_10y_20y_compare_e20_daily\cnn_autoencoder\US3M_BOND_COVID200_daily_CNN_AE\cnn_performance.csv
CNN autoencoder,US3M,US Treasury yield 3 month,cosine,0.71,0.35,0.1346153846153846,0.1944444444444444,0.4549116424116424,,,,,200,52,148,0.0457778014242649,D:\tadgan_gaf\gaf\githup_exchange_ring\output\03_bond_anomaly\bond_3m_1y_5y_10y_20y_compare_e20_daily\cnn_autoencoder\US3M_BOND_COVID200_daily_CNN_AE\cnn_performance.csv
CNN autoencoder,US3M,US Treasury yield 3 month,arctan,0.74,0.5,0.1153846153846153,0.1875,0.5168918918918919,,,,,200,52,148,0.0083284834399819,D:\tadgan_gaf\gaf\githup_exchange_ring\output\03_bond_anomaly\bond_3m_1y_5y_10y_20y_compare_e20_daily\cnn_autoencoder\US3M_BOND_COVID200_daily_CNN_AE\cnn_performance.csv
CNN autoencoder,US3M,US Treasury yield 3 month,arccosh,0.7,0.0,0.0,0.0,0.2800155925155925,,,,,200,52,148,0.0154728284105658,D:\tadgan_gaf\gaf\githup_exchange_ring\output\03_bond_anomaly\bond_3m_1y_5y_10y_20y_compare_e20_daily\cnn_autoencoder\US3M_BOND_COVID200_daily_CNN_AE\cnn_performance.csv
f-AnoGAN standalone,US3M,US Treasury yield 3 month,exponential,0.735,0.4878048780487805,0.3846153846153846,0.4301075268817204,0.6483887733887734,,,,,200,52,148,0.2342650353908538,D:\tadgan_gaf\gaf\githup_exchange_ring\output\03_bond_anomaly\bond_3m_1y_5y_10y_20y_compare_e20_daily\standalone_fanogan\US3M_BOND_COVID200_daily\out_put_four_gaf_fanogan\comparison_summary.csv
f-AnoGAN standalone,US3M,US Treasury yield 3 month,arctan,0.75,0.5384615384615384,0.2692307692307692,0.358974358974359,0.5986226611226612,,,,,200,52,148,0.0235089097172021,D:\tadgan_gaf\gaf\githup_exchange_ring\output\03_bond_anomaly\bond_3m_1y_5y_10y_20y_compare_e20_daily\standalone_fanogan\US3M_BOND_COVID200_daily\out_put_four_gaf_fanogan\comparison_summary.csv
f-AnoGAN standalone,US3M,US Treasury yield 3 month,cosine,0.735,0.48,0.2307692307692307,0.3116883116883117,0.5630197505197505,,,,,200,52,148,0.1303937405347824,D:\tadgan_gaf\gaf\githup_exchange_ring\output\03_bond_anomaly\bond_3m_1y_5y_10y_20y_compare_e20_daily\standalone_fanogan\US3M_BOND_COVID200_daily\out_put_four_gaf_fanogan\comparison_summary.csv
f-AnoGAN standalone,US3M,US Treasury yield 3 month,arccosh,0.73,0.4285714285714285,0.1153846153846153,0.1818181818181818,0.4261954261954261,,,,,200,52,148,0.0570653408765792,D:\tadgan_gaf\gaf\githup_exchange_ring\output\03_bond_anomaly\bond_3m_1y_5y_10y_20y_compare_e20_daily\standalone_fanogan\US3M_BOND_COVID200_daily\out_put_four_gaf_fanogan\comparison_summary.csv
Hybrid TadGAN-GAF-f-AnoGAN,US3M,US Treasury yield 3 month,cosine,0.605,0.0,0.0,0.0,0.373314637040233,0.0,6.0,121.0,73.0,200,73,127,0.138596249371767,D:\tadgan_gaf\gaf\githup_exchange_ring\output\03_bond_anomaly\bond_3m_1y_5y_10y_20y_compare_e20_daily\hybrid\US3M_BOND_COVID200_daily\hybrid_four_gaf_report.xlsx
Hybrid TadGAN-GAF-f-AnoGAN,US3M,US Treasury yield 3 month,exponential,0.51,0.0,0.0,0.0,0.5035055549563154,0.0,25.0,102.0,73.0,200,73,127,0.08412024192512035,D:\tadgan_gaf\gaf\githup_exchange_ring\output\03_bond_anomaly\bond_3m_1y_5y_10y_20y_compare_e20_daily\hybrid\US3M_BOND_COVID200_daily\hybrid_four_gaf_report.xlsx
Hybrid TadGAN-GAF-f-AnoGAN,US3M,US Treasury yield 3 month,arctan,0.635,0.0,0.0,0.0,0.2631862797972171,0.0,0.0,127.0,73.0,200,73,127,0.04807993918657302,D:\tadgan_gaf\gaf\githup_exchange_ring\output\03_bond_anomaly\bond_3m_1y_5y_10y_20y_compare_e20_daily\hybrid\US3M_BOND_COVID200_daily\hybrid_four_gaf_report.xlsx
Hybrid TadGAN-GAF-f-AnoGAN,US3M,US Treasury yield 3 month,arccosh,0.6,0.0,0.0,0.0,0.1820731312695502,0.0,7.0,120.0,73.0,200,73,127,0.07433116510510444,D:\tadgan_gaf\gaf\githup_exchange_ring\output\03_bond_anomaly\bond_3m_1y_5y_10y_20y_compare_e20_daily\hybrid\US3M_BOND_COVID200_daily\hybrid_four_gaf_report.xlsx
Hybrid TadGAN-GAF-f-AnoGAN,US3M,US Treasury yield 3 month,ensemble,0.6,0.0,0.0,0.0,0.2910149929888901,0.0,7.0,120.0,73.0,200,73,127,1.740229611201935,D:\tadgan_gaf\gaf\githup_exchange_ring\output\03_bond_anomaly\bond_3m_1y_5y_10y_20y_compare_e20_daily\hybrid\US3M_BOND_COVID200_daily\hybrid_four_gaf_report.xlsx
CNN autoencoder,US1Y,US Treasury yield 1 year,exponential,0.795,1.0,0.2115384615384615,0.3492063492063492,0.5560031185031186,,,,,200,52,148,0.0555125623941421,D:\tadgan_gaf\gaf\githup_exchange_ring\output\03_bond_anomaly\bond_3m_1y_5y_10y_20y_compare_e20_daily\cnn_autoencoder\US1Y_BOND_COVID200_daily_CNN_AE\cnn_performance.csv
CNN autoencoder,US1Y,US Treasury yield 1 year,cosine,0.755,0.8,0.0769230769230769,0.1403508771929824,0.4792099792099792,,,,,200,52,148,0.0451699756085872,D:\tadgan_gaf\gaf\githup_exchange_ring\output\03_bond_anomaly\bond_3m_1y_5y_10y_20y_compare_e20_daily\cnn_autoencoder\US1Y_BOND_COVID200_daily_CNN_AE\cnn_performance.csv
CNN autoencoder,US1Y,US Treasury yield 1 year,arctan,0.755,1.0,0.0576923076923076,0.109090909090909,0.5341735966735967,,,,,200,52,148,0.009943057782948,D:\tadgan_gaf\gaf\githup_exchange_ring\output\03_bond_anomaly\bond_3m_1y_5y_10y_20y_compare_e20_daily\cnn_autoencoder\US1Y_BOND_COVID200_daily_CNN_AE\cnn_performance.csv
CNN autoencoder,US1Y,US Treasury yield 1 year,arccosh,0.735,0.0,0.0,0.0,0.393970893970894,,,,,200,52,148,0.0299934297800064,D:\tadgan_gaf\gaf\githup_exchange_ring\output\03_bond_anomaly\bond_3m_1y_5y_10y_20y_compare_e20_daily\cnn_autoencoder\US1Y_BOND_COVID200_daily_CNN_AE\cnn_performance.csv
f-AnoGAN standalone,US1Y,US Treasury yield 1 year,exponential,0.82,1.0,0.3076923076923077,0.4705882352941176,0.7379158004158005,,,,,200,52,148,0.2181765705347061,D:\tadgan_gaf\gaf\githup_exchange_ring\output\03_bond_anomaly\bond_3m_1y_5y_10y_20y_compare_e20_daily\standalone_fanogan\US1Y_BOND_COVID200_daily\out_put_four_gaf_fanogan\comparison_summary.csv
f-AnoGAN standalone,US1Y,US Treasury yield 1 year,arctan,0.805,1.0,0.25,0.4,0.6965956340956341,,,,,200,52,148,0.0320375621318817,D:\tadgan_gaf\gaf\githup_exchange_ring\output\03_bond_anomaly\bond_3m_1y_5y_10y_20y_compare_e20_daily\standalone_fanogan\US1Y_BOND_COVID200_daily\out_put_four_gaf_fanogan\comparison_summary.csv
f-AnoGAN standalone,US1Y,US Treasury yield 1 year,cosine,0.8,1.0,0.2307692307692307,0.375,0.5819906444906445,,,,,200,52,148,0.1103152737021446,D:\tadgan_gaf\gaf\githup_exchange_ring\output\03_bond_anomaly\bond_3m_1y_5y_10y_20y_compare_e20_daily\standalone_fanogan\US1Y_BOND_COVID200_daily\out_put_four_gaf_fanogan\comparison_summary.csv
f-AnoGAN standalone,US1Y,US Treasury yield 1 year,arccosh,0.755,1.0,0.0576923076923076,0.109090909090909,0.5995322245322247,,,,,200,52,148,0.0642631456255912,D:\tadgan_gaf\gaf\githup_exchange_ring\output\03_bond_anomaly\bond_3m_1y_5y_10y_20y_compare_e20_daily\standalone_fanogan\US1Y_BOND_COVID200_daily\out_put_four_gaf_fanogan\comparison_summary.csv
Hybrid TadGAN-GAF-f-AnoGAN,US1Y,US Treasury yield 1 year,cosine,0.595,0.0,0.0,0.0,0.7142857142857143,0.0,0.0,119.0,81.0,200,81,119,0.1431556016206741,D:\tadgan_gaf\gaf\githup_exchange_ring\output\03_bond_anomaly\bond_3m_1y_5y_10y_20y_compare_e20_daily\hybrid\US1Y_BOND_COVID200_daily\hybrid_four_gaf_report.xlsx
Hybrid TadGAN-GAF-f-AnoGAN,US1Y,US Treasury yield 1 year,exponential,0.595,0.0,0.0,0.0,0.8543417366946777,0.0,0.0,119.0,81.0,200,81,119,0.1260867588222027,D:\tadgan_gaf\gaf\githup_exchange_ring\output\03_bond_anomaly\bond_3m_1y_5y_10y_20y_compare_e20_daily\hybrid\US1Y_BOND_COVID200_daily\hybrid_four_gaf_report.xlsx
Hybrid TadGAN-GAF-f-AnoGAN,US1Y,US Treasury yield 1 year,arctan,0.55,0.3448275862068966,0.1234567901234568,0.1818181818181818,0.6519348480132793,10.0,19.0,100.0,71.0,200,81,119,0.08772577084600926,D:\tadgan_gaf\gaf\githup_exchange_ring\output\03_bond_anomaly\bond_3m_1y_5y_10y_20y_compare_e20_daily\hybrid\US1Y_BOND_COVID200_daily\hybrid_four_gaf_report.xlsx
Hybrid TadGAN-GAF-f-AnoGAN,US1Y,US Treasury yield 1 year,arccosh,0.595,0.0,0.0,0.0,0.6678078638862952,0.0,0.0,119.0,81.0,200,81,119,0.07713509798049926,D:\tadgan_gaf\gaf\githup_exchange_ring\output\03_bond_anomaly\bond_3m_1y_5y_10y_20y_compare_e20_daily\hybrid\US1Y_BOND_COVID200_daily\hybrid_four_gaf_report.xlsx
Hybrid TadGAN-GAF-f-AnoGAN,US1Y,US Treasury yield 1 year,ensemble,0.635,0.7,0.1728395061728395,0.2772277227722773,0.7355534806515199,14.0,6.0,113.0,67.0,200,81,119,1.265178998871598,D:\tadgan_gaf\gaf\githup_exchange_ring\output\03_bond_anomaly\bond_3m_1y_5y_10y_20y_compare_e20_daily\hybrid\US1Y_BOND_COVID200_daily\hybrid_four_gaf_report.xlsx
CNN autoencoder,US5Y,US Treasury yield 5 year,arccosh,0.74,0.0,0.0,0.0,0.3818866943866943,,,,,200,52,148,0.0255832150578498,D:\tadgan_gaf\gaf\githup_exchange_ring\output\03_bond_anomaly\bond_3m_1y_5y_10y_20y_compare_e20_daily\cnn_autoencoder\US5Y_BOND_COVID200_daily_CNN_AE\cnn_performance.csv
CNN autoencoder,US5Y,US Treasury yield 5 year,exponential,0.67,0.0,0.0,0.0,0.3154885654885655,,,,,200,52,148,0.0886332020163536,D:\tadgan_gaf\gaf\githup_exchange_ring\output\03_bond_anomaly\bond_3m_1y_5y_10y_20y_compare_e20_daily\cnn_autoencoder\US5Y_BOND_COVID200_daily_CNN_AE\cnn_performance.csv
CNN autoencoder,US5Y,US Treasury yield 5 year,cosine,0.705,0.0,0.0,0.0,0.2980769230769231,,,,,200,52,148,0.0582261011004447,D:\tadgan_gaf\gaf\githup_exchange_ring\output\03_bond_anomaly\bond_3m_1y_5y_10y_20y_compare_e20_daily\cnn_autoencoder\US5Y_BOND_COVID200_daily_CNN_AE\cnn_performance.csv
CNN autoencoder,US5Y,US Treasury yield 5 year,arctan,0.705,0.0,0.0,0.0,0.2765072765072764,,,,,200,52,148,0.0119634186848998,D:\tadgan_gaf\gaf\githup_exchange_ring\output\03_bond_anomaly\bond_3m_1y_5y_10y_20y_compare_e20_daily\cnn_autoencoder\US5Y_BOND_COVID200_daily_CNN_AE\cnn_performance.csv
f-AnoGAN standalone,US5Y,US Treasury yield 5 year,arccosh,0.71,0.0,0.0,0.0,0.3287422037422037,,,,,200,52,148,0.1147752866148948,D:\tadgan_gaf\gaf\githup_exchange_ring\output\03_bond_anomaly\bond_3m_1y_5y_10y_20y_compare_e20_daily\standalone_fanogan\US5Y_BOND_COVID200_daily\out_put_four_gaf_fanogan\comparison_summary.csv
f-AnoGAN standalone,US5Y,US Treasury yield 5 year,cosine,0.7,0.0,0.0,0.0,0.3078222453222453,,,,,200,52,148,0.2038768291473388,D:\tadgan_gaf\gaf\githup_exchange_ring\output\03_bond_anomaly\bond_3m_1y_5y_10y_20y_compare_e20_daily\standalone_fanogan\US5Y_BOND_COVID200_daily\out_put_four_gaf_fanogan\comparison_summary.csv
f-AnoGAN standalone,US5Y,US Treasury yield 5 year,arctan,0.67,0.0,0.0,0.0,0.2957380457380457,,,,,200,52,148,0.0361164472997188,D:\tadgan_gaf\gaf\githup_exchange_ring\output\03_bond_anomaly\bond_3m_1y_5y_10y_20y_compare_e20_daily\standalone_fanogan\US5Y_BOND_COVID200_daily\out_put_four_gaf_fanogan\comparison_summary.csv
f-AnoGAN standalone,US5Y,US Treasury yield 5 year,exponential,0.575,0.0,0.0,0.0,0.2761174636174636,,,,,200,52,148,0.2749662339687346,D:\tadgan_gaf\gaf\githup_exchange_ring\output\03_bond_anomaly\bond_3m_1y_5y_10y_20y_compare_e20_daily\standalone_fanogan\US5Y_BOND_COVID200_daily\out_put_four_gaf_fanogan\comparison_summary.csv
Hybrid TadGAN-GAF-f-AnoGAN,US5Y,US Treasury yield 5 year,cosine,0.725,0.7857142857142857,0.1746031746031746,0.2857142857142857,0.8527401228131155,11.0,3.0,134.0,52.0,200,63,137,0.1420490153133869,D:\tadgan_gaf\gaf\githup_exchange_ring\output\03_bond_anomaly\bond_3m_1y_5y_10y_20y_compare_e20_daily\hybrid\US5Y_BOND_COVID200_daily\hybrid_four_gaf_report.xlsx
Hybrid TadGAN-GAF-f-AnoGAN,US5Y,US Treasury yield 5 year,exponential,0.685,0.0,0.0,0.0,0.8503070327887845,0.0,0.0,137.0,63.0,200,63,137,0.1479014620184898,D:\tadgan_gaf\gaf\githup_exchange_ring\output\03_bond_anomaly\bond_3m_1y_5y_10y_20y_compare_e20_daily\hybrid\US5Y_BOND_COVID200_daily\hybrid_four_gaf_report.xlsx
Hybrid TadGAN-GAF-f-AnoGAN,US5Y,US Treasury yield 5 year,arctan,0.725,1.0,0.126984126984127,0.2253521126760563,0.8387208898157803,8.0,0.0,137.0,55.0,200,63,137,0.05780734103173017,D:\tadgan_gaf\gaf\githup_exchange_ring\output\03_bond_anomaly\bond_3m_1y_5y_10y_20y_compare_e20_daily\hybrid\US5Y_BOND_COVID200_daily\hybrid_four_gaf_report.xlsx
Hybrid TadGAN-GAF-f-AnoGAN,US5Y,US Treasury yield 5 year,arccosh,0.73,0.9090909090909091,0.1587301587301587,0.2702702702702703,0.8706986444212722,10.0,1.0,136.0,53.0,200,63,137,0.07493799850344657,D:\tadgan_gaf\gaf\githup_exchange_ring\output\03_bond_anomaly\bond_3m_1y_5y_10y_20y_compare_e20_daily\hybrid\US5Y_BOND_COVID200_daily\hybrid_four_gaf_report.xlsx
Hybrid TadGAN-GAF-f-AnoGAN,US5Y,US Treasury yield 5 year,ensemble,0.705,0.6111111111111112,0.1746031746031746,0.2716049382716049,0.8740586258834435,11.0,7.0,130.0,52.0,200,63,137,1.366698417672644,D:\tadgan_gaf\gaf\githup_exchange_ring\output\03_bond_anomaly\bond_3m_1y_5y_10y_20y_compare_e20_daily\hybrid\US5Y_BOND_COVID200_daily\hybrid_four_gaf_report.xlsx
CNN autoencoder,US10Y,US Treasury yield 10 year,cosine,0.7,0.0,0.0,0.0,0.4697245322245322,,,,,200,52,148,0.0630855336785316,D:\tadgan_gaf\gaf\githup_exchange_ring\output\03_bond_anomaly\bond_3m_1y_5y_10y_20y_compare_e20_daily\cnn_autoencoder\US10Y_BOND_COVID200_daily_CNN_AE\cnn_performance.csv
CNN autoencoder,US10Y,US Treasury yield 10 year,exponential,0.68,0.0,0.0,0.0,0.3952702702702703,,,,,200,52,148,0.0851289555430412,D:\tadgan_gaf\gaf\githup_exchange_ring\output\03_bond_anomaly\bond_3m_1y_5y_10y_20y_compare_e20_daily\cnn_autoencoder\US10Y_BOND_COVID200_daily_CNN_AE\cnn_performance.csv
CNN autoencoder,US10Y,US Treasury yield 10 year,arccosh,0.625,0.0,0.0,0.0,0.395010395010395,,,,,200,52,148,0.0292334258556365,D:\tadgan_gaf\gaf\githup_exchange_ring\output\03_bond_anomaly\bond_3m_1y_5y_10y_20y_compare_e20_daily\cnn_autoencoder\US10Y_BOND_COVID200_daily_CNN_AE\cnn_performance.csv
CNN autoencoder,US10Y,US Treasury yield 10 year,arctan,0.63,0.0,0.0,0.0,0.3239345114345114,,,,,200,52,148,0.0146827055141329,D:\tadgan_gaf\gaf\githup_exchange_ring\output\03_bond_anomaly\bond_3m_1y_5y_10y_20y_compare_e20_daily\cnn_autoencoder\US10Y_BOND_COVID200_daily_CNN_AE\cnn_performance.csv
f-AnoGAN standalone,US10Y,US Treasury yield 10 year,arccosh,0.585,0.0303030303030303,0.0192307692307692,0.0235294117647058,0.3011954261954262,,,,,200,52,148,0.0747872859239578,D:\tadgan_gaf\gaf\githup_exchange_ring\output\03_bond_anomaly\bond_3m_1y_5y_10y_20y_compare_e20_daily\standalone_fanogan\US10Y_BOND_COVID200_daily\out_put_four_gaf_fanogan\comparison_summary.csv
f-AnoGAN standalone,US10Y,US Treasury yield 10 year,exponential,0.655,0.0,0.0,0.0,0.3768191268191268,,,,,200,52,148,0.3361839413642883,D:\tadgan_gaf\gaf\githup_exchange_ring\output\03_bond_anomaly\bond_3m_1y_5y_10y_20y_compare_e20_daily\standalone_fanogan\US10Y_BOND_COVID200_daily\out_put_four_gaf_fanogan\comparison_summary.csv
f-AnoGAN standalone,US10Y,US Treasury yield 10 year,cosine,0.645,0.0,0.0,0.0,0.3006756756756756,,,,,200,52,148,0.1667025953531265,D:\tadgan_gaf\gaf\githup_exchange_ring\output\03_bond_anomaly\bond_3m_1y_5y_10y_20y_compare_e20_daily\standalone_fanogan\US10Y_BOND_COVID200_daily\out_put_four_gaf_fanogan\comparison_summary.csv
f-AnoGAN standalone,US10Y,US Treasury yield 10 year,arctan,0.7,0.0,0.0,0.0,0.2797557172557173,,,,,200,52,148,0.0411050349473953,D:\tadgan_gaf\gaf\githup_exchange_ring\output\03_bond_anomaly\bond_3m_1y_5y_10y_20y_compare_e20_daily\standalone_fanogan\US10Y_BOND_COVID200_daily\out_put_four_gaf_fanogan\comparison_summary.csv
Hybrid TadGAN-GAF-f-AnoGAN,US10Y,US Treasury yield 10 year,cosine,0.8,0.0,0.0,0.0,0.4574335548172757,0.0,12.0,160.0,28.0,200,28,172,0.2014204956591129,D:\tadgan_gaf\gaf\githup_exchange_ring\output\03_bond_anomaly\bond_3m_1y_5y_10y_20y_compare_e20_daily\hybrid\US10Y_BOND_COVID200_daily\hybrid_four_gaf_report.xlsx
Hybrid TadGAN-GAF-f-AnoGAN,US10Y,US Treasury yield 10 year,exponential,0.825,0.0,0.0,0.0,0.4175664451827242,0.0,7.0,165.0,28.0,200,28,172,0.1504727907478809,D:\tadgan_gaf\gaf\githup_exchange_ring\output\03_bond_anomaly\bond_3m_1y_5y_10y_20y_compare_e20_daily\hybrid\US10Y_BOND_COVID200_daily\hybrid_four_gaf_report.xlsx
Hybrid TadGAN-GAF-f-AnoGAN,US10Y,US Treasury yield 10 year,arctan,0.86,0.0,0.0,0.0,0.40656146179402,0.0,0.0,172.0,28.0,200,28,172,0.07728415206074714,D:\tadgan_gaf\gaf\githup_exchange_ring\output\03_bond_anomaly\bond_3m_1y_5y_10y_20y_compare_e20_daily\hybrid\US10Y_BOND_COVID200_daily\hybrid_four_gaf_report.xlsx
Hybrid TadGAN-GAF-f-AnoGAN,US10Y,US Treasury yield 10 year,arccosh,0.77,0.0,0.0,0.0,0.3783222591362126,0.0,18.0,154.0,28.0,200,28,172,0.1011441878974437,D:\tadgan_gaf\gaf\githup_exchange_ring\output\03_bond_anomaly\bond_3m_1y_5y_10y_20y_compare_e20_daily\hybrid\US10Y_BOND_COVID200_daily\hybrid_four_gaf_report.xlsx
Hybrid TadGAN-GAF-f-AnoGAN,US10Y,US Treasury yield 10 year,ensemble,0.815,0.0,0.0,0.0,0.3924418604651163,0.0,9.0,163.0,28.0,200,28,172,1.61364895490151,D:\tadgan_gaf\gaf\githup_exchange_ring\output\03_bond_anomaly\bond_3m_1y_5y_10y_20y_compare_e20_daily\hybrid\US10Y_BOND_COVID200_daily\hybrid_four_gaf_report.xlsx
CNN autoencoder,US20Y,US Treasury yield 20 year,arctan,0.7,0.1,0.0192307692307692,0.032258064516129,0.2457120582120582,,,,,200,52,148,0.0079934103414416,D:\tadgan_gaf\gaf\githup_exchange_ring\output\03_bond_anomaly\bond_3m_1y_5y_10y_20y_compare_e20_daily\cnn_autoencoder\US20Y_BOND_COVID200_daily_CNN_AE\cnn_performance.csv
CNN autoencoder,US20Y,US Treasury yield 20 year,cosine,0.705,0.0,0.0,0.0,0.2791060291060291,,,,,200,52,148,0.0509613454341888,D:\tadgan_gaf\gaf\githup_exchange_ring\output\03_bond_anomaly\bond_3m_1y_5y_10y_20y_compare_e20_daily\cnn_autoencoder\US20Y_BOND_COVID200_daily_CNN_AE\cnn_performance.csv
CNN autoencoder,US20Y,US Treasury yield 20 year,arccosh,0.66,0.0,0.0,0.0,0.248570686070686,,,,,200,52,148,0.0235000494867563,D:\tadgan_gaf\gaf\githup_exchange_ring\output\03_bond_anomaly\bond_3m_1y_5y_10y_20y_compare_e20_daily\cnn_autoencoder\US20Y_BOND_COVID200_daily_CNN_AE\cnn_performance.csv
CNN autoencoder,US20Y,US Treasury yield 20 year,exponential,0.715,0.0,0.0,0.0,0.2263513513513513,,,,,200,52,148,0.0753598287701606,D:\tadgan_gaf\gaf\githup_exchange_ring\output\03_bond_anomaly\bond_3m_1y_5y_10y_20y_compare_e20_daily\cnn_autoencoder\US20Y_BOND_COVID200_daily_CNN_AE\cnn_performance.csv
f-AnoGAN standalone,US20Y,US Treasury yield 20 year,arctan,0.725,0.0,0.0,0.0,0.4449064449064449,,,,,200,52,148,0.0358149729669094,D:\tadgan_gaf\gaf\githup_exchange_ring\output\03_bond_anomaly\bond_3m_1y_5y_10y_20y_compare_e20_daily\standalone_fanogan\US20Y_BOND_COVID200_daily\out_put_four_gaf_fanogan\comparison_summary.csv
f-AnoGAN standalone,US20Y,US Treasury yield 20 year,exponential,0.675,0.0,0.0,0.0,0.4016372141372141,,,,,200,52,148,0.3734916806221008,D:\tadgan_gaf\gaf\githup_exchange_ring\output\03_bond_anomaly\bond_3m_1y_5y_10y_20y_compare_e20_daily\standalone_fanogan\US20Y_BOND_COVID200_daily\out_put_four_gaf_fanogan\comparison_summary.csv
f-AnoGAN standalone,US20Y,US Treasury yield 20 year,cosine,0.715,0.0,0.0,0.0,0.3412162162162162,,,,,200,52,148,0.1667861759662628,D:\tadgan_gaf\gaf\githup_exchange_ring\output\03_bond_anomaly\bond_3m_1y_5y_10y_20y_compare_e20_daily\standalone_fanogan\US20Y_BOND_COVID200_daily\out_put_four_gaf_fanogan\comparison_summary.csv
f-AnoGAN standalone,US20Y,US Treasury yield 20 year,arccosh,0.7,0.0,0.0,0.0,0.2606548856548856,,,,,200,52,148,0.0773038357496261,D:\tadgan_gaf\gaf\githup_exchange_ring\output\03_bond_anomaly\bond_3m_1y_5y_10y_20y_compare_e20_daily\standalone_fanogan\US20Y_BOND_COVID200_daily\out_put_four_gaf_fanogan\comparison_summary.csv
Hybrid TadGAN-GAF-f-AnoGAN,US20Y,US Treasury yield 20 year,cosine,0.685,0.0,0.0,0.0,,0.0,63.0,137.0,0.0,200,0,200,0.1528441280126571,D:\tadgan_gaf\gaf\githup_exchange_ring\output\03_bond_anomaly\bond_3m_1y_5y_10y_20y_compare_e20_daily\hybrid\US20Y_BOND_COVID200_daily\hybrid_four_gaf_report.xlsx
Hybrid TadGAN-GAF-f-AnoGAN,US20Y,US Treasury yield 20 year,exponential,0.62,0.0,0.0,0.0,,0.0,76.0,124.0,0.0,200,0,200,0.1238995503634214,D:\tadgan_gaf\gaf\githup_exchange_ring\output\03_bond_anomaly\bond_3m_1y_5y_10y_20y_compare_e20_daily\hybrid\US20Y_BOND_COVID200_daily\hybrid_four_gaf_report.xlsx
Hybrid TadGAN-GAF-f-AnoGAN,US20Y,US Treasury yield 20 year,arctan,0.82,0.0,0.0,0.0,,0.0,36.0,164.0,0.0,200,0,200,0.05231189858168363,D:\tadgan_gaf\gaf\githup_exchange_ring\output\03_bond_anomaly\bond_3m_1y_5y_10y_20y_compare_e20_daily\hybrid\US20Y_BOND_COVID200_daily\hybrid_four_gaf_report.xlsx
Hybrid TadGAN-GAF-f-AnoGAN,US20Y,US Treasury yield 20 year,arccosh,0.53,0.0,0.0,0.0,,0.0,94.0,106.0,0.0,200,0,200,0.06977954134345053,D:\tadgan_gaf\gaf\githup_exchange_ring\output\03_bond_anomaly\bond_3m_1y_5y_10y_20y_compare_e20_daily\hybrid\US20Y_BOND_COVID200_daily\hybrid_four_gaf_report.xlsx
Hybrid TadGAN-GAF-f-AnoGAN,US20Y,US Treasury yield 20 year,ensemble,0.95,0.0,0.0,0.0,,0.0,10.0,190.0,0.0,200,0,200,1.508827121790778,D:\tadgan_gaf\gaf\githup_exchange_ring\output\03_bond_anomaly\bond_3m_1y_5y_10y_20y_compare_e20_daily\hybrid\US20Y_BOND_COVID200_daily\hybrid_four_gaf_report.xlsx
