signal,anomaly_score,is_anomaly
-1.2644044102832772,1.0409794811741502,0
-1.306311222311209,1.0150967621435059,0
-1.4124048066646158,0.9893910122375053,0
-1.4495376016597985,0.9608101325362279,0
-1.455372781176428,0.9340107863762442,0
-1.548204667485659,0.9038848729172706,0
-1.5996600194727195,0.8705592878527746,0
-1.5975382003985894,0.834291993657145,0
-1.5593444452769782,0.7994616060148806,0
-1.6537677717758517,0.7657890625247938,0
-1.7046927448784248,0.7267551216607607,0
-1.8060121098416304,0.6898570583001986,0
-1.6479325922592216,0.6523999759445905,0
-1.506828234342216,0.6197410417866789,0
-1.6049647189261356,0.5940817140532825,0
-1.5460827472328025,0.5676804870660925,0
-1.5009930548255856,0.5413926252486357,0
-1.4521899007971433,0.5165251371147779,0
-1.430971305340933,0.49531537903963824,0
-1.5370647885156137,0.4739387873640007,0
-1.629366295940357,0.446970656910349,0
-1.5020540149520136,0.42165581536668173,0
-1.5317601902409248,0.40188502616984045,0
-1.575789023700439,0.38048996741063174,0
-1.6394451136052473,0.35829999160187953,0
-1.7322769999144785,0.3331866325959427,0
-1.758269915939616,0.3081713333532737,0
-1.824048027276008,0.2848390346685654,0
-1.652706811649423,0.2613898342660071,0
-1.6739255082843596,0.2441407980097043,0
-1.5879897616181866,0.22647457168218643,0
-1.582154582101557,0.2129062425092696,0
-1.6420975139213183,0.19835693239925503,0
-1.544491408221886,0.1832464029727619,0
-1.5238030904714377,0.16938382783621989,0
-1.5089499522376189,0.15681366178539666,0
-1.4601470005666295,0.14616324503615444,0
-1.475530618863662,0.1361325789197094,0
-1.424075165697875,0.1258519645774331,0
-1.3895946698400363,0.11793503440419387,0
-1.375802592911373,0.11058156868804052,0
-1.3805768123015745,0.10335396814291715,0
-1.308963723806006,0.09803931817542251,0
-1.2039308972215743,0.09439602615599751,0
-1.278196487211941,0.09183354896857997,0
-1.1832426806498533,0.0878259843422208,0
-1.20711377760086,0.08530635110019,0
-1.172102902858534,0.08416107610687713,0
-1.242124652343186,0.08251880215956665,0
-1.286683965865915,0.07890732155196147,0
-1.1742248231113903,0.07564602556317938,0
-1.0819233156866477,0.0730900130031111,0
-1.122238991061116,0.07129659223726681,0
-1.0973069339836805,0.06943175387566322,0
-1.0156148254657682,0.06775781049837101,0
-1.103672492384798,0.06622903478625772,0
-1.121178030934687,0.06298882138697548,0
-1.1248912901984602,0.05901932968451332,0
-1.183773261891793,0.054971852828811306,0
-1.1816513416389367,0.050009020914582814,0
-1.1805903815125085,0.04514299511453426,0
-1.2628128689149083,0.040801849769914696,0
-1.3206338804818127,0.035673119928793975,0
-1.3105550628169222,0.031370363757240886,0
-1.2118879969910614,0.02691169156083299,0
-1.2378810141949257,0.023802663133179143,0
-1.107385751648571,0.02031880065327092,0
-1.073435837032673,0.01841629298939321,0
-0.9774212727016098,0.016638387607552613,0
-0.99917044939976,0.01639222076604483,0
-1.0129625263284237,0.015357350882683177,0
-1.073435837032673,0.014651600324583737,0
-1.104203073626738,0.0129242773088826,0
-1.0352420819110617,0.011000014447666863,0
-0.9530195945086624,0.009670475768668373,0
-0.9238438992829656,0.008820138171186374,0
-0.8946682040572694,0.008350244815360723,0
-0.9524892156241742,0.008279432709426139,0
-0.8782236256338086,0.008082727213051144,0
-0.8097932151600721,0.008436165051237446,0
-0.7726606225223418,0.008902752078298047,0
-0.7784958020389721,0.00967373619086026,0
-0.8389691127432211,0.009906377831174812,0
-0.8989118422055298,0.009636340034358032,0
-0.8920159049199244,0.009350403690013115,0
-0.8633705885787163,0.00875506955847103,0
-0.845334671144339,0.008721329461490514,0
-0.9100518223543024,0.008062263383588604,0
-0.845334671144339,0.007041506130313484,0
-0.7620512236155109,0.006313734499782217,0
-0.7371191665380753,0.005778095654474728,0
-0.763112183741939,0.005398561815208938,0
-0.6830114142349438,0.004613527614171496,0
-0.65171379875639,0.0039364644480095355,0
-0.6580795595149613,0.003597239730030508,0
-0.6596708985258771,0.003259744713244383,0
-0.6814200752240274,0.00279366622136335,0
-0.6639145366741378,0.0023013607276766383,0
-0.6352694226903819,0.0018456589117088846,0
-0.5854053085355108,0.0015612529520980074,0
-0.5896491490412248,0.001381296285307653,0
-0.5976060464532585,0.0010082304104311955,0
-0.6098069867284593,0.0008022912676082918,0
-0.6145812061186604,0.000485304108146209,0
-0.606093727464686,0.00022423059465286594,0
-0.6352694226903819,0.00010368814170108495,0
-0.5785093712499062,2.953548805802963e-05,0
-0.5429679152656389,3.3925337430064214e-05,0
-0.4968172627319939,0.0002861377911553928,0
-0.5323585163588073,0.001039976058678616,0
-0.6113983257393751,0.0017447031061666952,0
-0.6214771434042661,0.0024754943403253724,0
-0.6421653599759874,0.0033596193731885524,0
-0.6676279982953638,0.0043662475751039785,0
-0.763112183741939,0.00505092410435966,0
-0.6692193373062799,0.005219170514664649,0
-0.5954843285578543,0.005695262378879984,0
-0.6230686847726352,0.006744990281968819,0
-0.6082154453600902,0.00796629393419664,0
-0.5562296133098148,0.008801838031119169,0
-0.6872552547406572,0.010257192573734418,0
-0.7567464229833687,0.010662953012231753,0
-0.6761154769493386,0.010734602244931323,0
-0.5684303512275626,0.01082841873788442,0
-0.6506528386299619,0.011510653647401023,0
-0.6156419638876358,0.011493616935506375,0
-0.7424239671702179,0.012408776274627515,0
-0.6983950325319762,0.012306878616090026,0
-0.8198722351824157,0.012934514155144234,0
-0.8055495770118114,0.011801876625588053,0
-0.8400300728696499,0.010390677103528636,0
-0.7318145682633862,0.008388341865437111,0
-0.8405604517541376,0.007180962040412364,0
-0.7912269188412072,0.005724866521565301,0
-0.7769042606706029,0.004818297306551098,0
-0.8145674345502736,0.0037711326543412587,0
-0.8458650500288263,0.0024649023530975084,0
-0.8304816340892475,0.0009925850325577135,0
-0.8405604517541376,-0.00037738140557443947,0
-0.870266728221775,-0.00132274441685191,0
-0.9264961984203106,-0.0022499720766862305,0
-0.9376361785690824,-0.0033116520523102737,0
-0.9906829707457856,-0.004268243268604929,0
-1.0320594038892297,-0.005192352892133414,0
-1.007657928053735,-0.006114057530115834,0
-1.0893498342141932,-0.006606124347958113,0
-1.1185257317973427,-0.006867911921669839,0
-1.0485037799552377,-0.007010029551420984,0
-0.990152389503845,-0.006627175297295044,0
-0.9970485291469032,-0.005955533253343094,0
-0.93233137793694,-0.00536067158635005,0
-0.945593075981116,-0.0040499116141215616,0
-1.0018227485371043,-0.00274583638319491,0
-0.9073993208595044,-0.0015689823843803542,0
-0.8543525286828011,-0.00032762521589239793,0
-0.7880440384619218,0.0010820774424321689,0
-0.7434847249391928,0.0024753864876742547,0
-0.7323449471478742,0.0038324139744690473,0
-0.6564880181465922,0.0049284946964091424,0
-0.6405740209650713,0.006544472246486164,0
-0.7185528702192103,0.006220199898169513,0
-0.6628537789051627,0.0065685151779472355,0
-0.7334059072743023,0.006637061644870323,0
-0.7036996308066653,0.008655260168311547,0
-0.6872552547406572,0.010377416864922577,0
-0.7222661294829833,0.012520728102496019,0
-0.7556856652143937,0.013983288743168966,0
-0.8432127508914822,0.01602325465510082,0
-0.9249048594093942,0.018791468481004506,0
-0.8570050301775991,0.023159607982142724,0
-0.8363166112484238,0.026318447595892767,0
-0.80077535762161,0.029671327665213246,0
-0.6883162148670853,0.03167924224594478,0
-0.7806175199343762,0.03498478957450608,0
-0.758868343236226,0.038036255974898875,0
-0.8326033519846505,0.040706874558621174,0
-0.9026251014693032,0.04448628447610847,0
-0.8851197652768665,0.049122766411305196,0
-0.931800999052452,0.053473575511462354,0
-0.917478340881848,0.058055885660419186,0
-0.9100518223543024,0.06356326250636157,0
-0.8092628362755845,0.06917684962042256,0
-0.7572770042253095,0.07399927949865753,0
-0.8548831099247418,0.0780049347011335,0
-0.7779652207970313,0.08294346187192495,0
-0.8448042922598513,0.08717781433578439,0
-0.7185528702192103,0.09288944915244145,0
-0.6771762347183136,0.09756473864344983,0
-0.6554270580201633,0.10189345370955702,0
-0.6251904026680383,0.10616633009479955,0
-0.6315561634266096,0.10945116807267968,0
-0.5710826503649068,0.11102338628358648,0
-0.5387242771173787,0.11324456368772375,0
-0.5721436104913349,0.11626600675218017,0
-0.5201577784410606,0.11868669580158245,0
-0.5525163540460418,0.11848402885130183,0
-0.5387242771173787,0.11814567792341961,0
-0.5434984965075801,0.11690565399034651,0
-0.5652476732057303,0.11672248738648781,0
-0.5466811745294123,0.11627581630506907,0
-0.4771900062867008,0.11465686121712339,0
-0.539254656001866,0.11327477827291618,0
-0.5169751004192285,0.11206914567246785,0
-0.5344804366116646,0.11060775343794961,0
-0.5641867130793012,0.1090501452653702,0
-0.6055631462227452,0.10751400145357094,0
-0.5769178298815371,0.10687410788352333,0
-0.6310255821846685,0.10447759451903833,0
-0.7286316878841009,0.10440248184290492,0
-0.7387107079064446,0.10543320015295571,0
-0.8092628362755845,0.10773781879061567,0
-0.845334671144339,0.11189014971426937,0
-0.8766322866228922,0.115573637082745,0
-0.8331339332265916,0.12188155071744511,0
-0.8283597138363902,0.12664660910383235,0
-0.8129760955393575,0.13106550191658586,0
-0.845334671144339,0.1368645197865509,0
-0.9164173807554196,0.1432939750887752,0
-0.7843307791981485,0.1508468405661936,0
-0.797062098357837,0.1561206108066383,0
-0.8050191981273238,0.16303478032996088,0
-0.7906965399567198,0.17014321644027883,0
-0.6952121521526909,0.17664306876506627,0
-0.666567038168935,0.1821736673374567,0
-0.670280297432708,0.18221773391281665,0
-0.7710690811539727,0.18287879745725677,0
-0.7169613288508412,0.1886212679499617,0
-0.8150980157922143,0.19124515505651019,0
-0.5917710692940821,0.1968966096499005,0
-0.5058351202704556,0.19655188717586536,0
-0.4729461657809867,0.19467884319424864,0
-0.4671109862643572,0.1922718642786419,0
-0.5127312599135143,0.1900708445471429,0
-0.5742655307441921,0.18860217790443565,0
-0.5175054793037157,0.18770324843295005,0
-0.4824946045613896,0.1805352052769244,0
-0.4119422738347966,0.17686760365341112,0
-0.4039853764227629,0.1725464921914532,0
-0.5068960803968848,0.1691638325320796,0
-0.51432259892443,0.1638939787137262,0
-0.4612758067477266,0.16047992435435776,0
-0.4496056500719199,0.15720600469691678,0
-0.4437704705552904,0.1537806313963713,0
-0.4299781912691738,0.15078924915376465,0
-0.405576715433679,0.14822506444651962,0
-0.401863456169906,0.14409032624385332,0
-0.3551822223943198,0.14107873589849076,0
-0.3466947437403453,0.13710889555731925,0
-0.3620783620373785,0.13478967914213683,0
-0.3647306611747234,0.132681503746478,0
-0.4384656699231483,0.13043570123458353,0
-0.3891323393676709,0.12850625247805522,0
-0.3626089432793192,0.12533263606282943,0
-0.3504080030041187,0.12098670284936516,0
-0.4580931287258943,0.11862096856882087,0
-0.5185664394301441,0.11533832649305796,0
-0.442709510428862,0.11243352925328617,0
-0.4023940374118467,0.1105609584087021,0
-0.4363439520277441,0.10485273259405543,0
-0.4305087725111146,0.10104070257799445,0
-0.5047741601440275,0.09728635942960313,0
-0.4893907442044475,0.09550196734052392,0
-0.4336916528903999,0.09320909920862902,0
-0.4161861143405103,0.08986127537519813,0
-0.3933759775159316,0.08447783847173057,0
-0.4161861143405103,0.07937315506748732,0
-0.3615479831528904,0.07582497130292512,0
-0.3939065587578724,0.07071573774139546,0
-0.4225516727416282,0.06506209045690539,0
-0.4130032339612246,0.0604234974075622,0
-0.356243182520749,0.05540769117832628,0
-0.3742790999551262,0.050147575249543164,0
-0.3588954816580931,0.046082544234889,0
-0.4023940374118467,0.042121823297981593,0
-0.4469533509345758,0.038086113707327444,0
-0.4379352910386606,0.03412087036531842,0
-0.4029244162963344,0.03188116189239363,0
-0.357304142647177,0.029509447472283717,0
-0.4066376755601075,0.0264075774460638,0
-0.3923150173895032,0.022373730002900976,0
-0.3970892367797046,0.019626463705105908,0
-0.3838275387355288,0.01764303061882871,0
-0.3817056184826715,0.01555030761938287,0
-0.3466947437403453,0.012722280828875525,0
-0.3716268008177813,0.010782944322684297,0
-0.3260065271686239,0.008484205890686604,0
-0.3504080030041187,0.006299188134781065,0
-0.3472253249822865,0.004629410064783172,0
-0.3493472452351434,0.002726618885565568,0
-0.3588954816580931,0.0012521562890055538,0
-0.4236126328680563,0.0003129083980464438,0
-0.3854188777464449,-0.00017532895422089507,0
-0.3923150173895032,-0.000995813288602907,0
-0.3954978977687884,-0.0012275052479340403,0
-0.5472117557713524,-0.002360113823170726,0
-0.6002585479480558,-0.0025637011180608756,0
-0.6421653599759874,-0.0020931362645579613,0
-0.6469395793661885,-0.00175459966210264,0
-0.6830114142349438,-0.0019182227085671757,0
-0.622538103530694,-0.0015065817123726855,0
-0.628373283047324,-0.0018746769769774697,0
-0.6267819440364074,-0.0018978255292923672,0
-0.6564880181465922,-0.0015664751491877165,0
-0.7031692519221776,-0.0023273744140148264,0
-0.666036456926995,-0.0023230716005105357,0
-0.6840723743613719,-0.002492495152606929,0
-0.669749716190768,-0.0025803784081921714,0
-0.6824810353504558,-0.002703799005251891,0
-0.6485311207345578,-0.002812191445103223,0
-0.5880578100303087,-0.0028156158525111524,0
-0.5434984965075801,-0.002894564922985965,0
-0.5302367984634042,-0.003404089977593035,0
-0.5493334736667566,-0.0036705801321896487,0
-0.5074266616388248,-0.003883049040321985,0
-0.5010609008802541,-0.004499225236196121,0
-0.4718852056545582,-0.004689656615940671,0
-0.4432398893133497,-0.00510391381971727,0
-0.3986805757906207,-0.005622699209172664,0
-0.3817056184826715,-0.006088764617359291,0
-0.3970892367797046,-0.006505776562343933,0
-0.3933759775159316,-0.00625580248829878,0
-0.421490712615199,-0.006512500747509444,0
-0.4342220317748876,-0.0066201851016788075,0
-0.5387242771173787,-0.0066292049893714716,0
-0.5477421346558404,-0.006123816546143007,0
-0.5822226305136785,-0.005931347838733367,0
-0.6029108470854007,-0.005920327280848538,0
-0.5854053085355108,-0.005792904985001951,0
-0.5822226305136785,-0.005838601907836112,0
-0.6167029240140646,-0.005890054626936451,0
-0.5976060464532585,-0.005841066940357436,0
-0.6235990636571225,-0.005931349156478703,0
-0.6861942946142288,-0.006101845610252302,0
-0.6777068159602544,-0.006187612432777937,0
-0.7997143974951816,-0.006418459643218771,0
-0.762581602499999,-0.0063238088817178986,0
-0.7514418247086796,-0.005979046977965472,0
-0.7806175199343762,-0.006075046401294816,0
-0.7036996308066653,-0.005525629778582822,0
-0.6771762347183136,-0.0051592542065917995,0
-0.676645855833826,-0.005193857073731649,0
-0.6230686847726352,-0.004872367584380299,0
-0.6331475024375254,-0.0045428551971145046,0
-0.6113983257393751,-0.004271658093131525,0
-0.5965452886842835,-0.004144937489346139,0
-0.544559254276555,-0.004131353509468561,0
-0.5233406588203455,-0.004107040440914833,0
-0.484085943572306,-0.004452603933186934,0
-0.4899211230889356,-0.0043947419653380115,0
-0.6204161832778369,-0.004777192271707141,0
-0.5726741917332759,-0.004705083874576121,0
-0.580100710260822,-0.004643488615970889,0
-0.6511834198719026,-0.00450996540935434,0
-0.6490614996190458,-0.004150662170743426,0
-0.6861942946142288,-0.003694379387523213,0
-0.6999863715428919,-0.0032957023036583235,0
-0.6580795595149613,-0.0029978540386171493,0
-0.7891049985883507,-0.002506759295290911,0
-0.7933488390940641,-0.0011946209978315361,0
-0.7832698190717204,2.801262311489479e-05,0
-0.7700081210275446,0.0018013467315677316,0
-0.7498504856977631,0.0027853434642445656,0
-0.841621411880566,0.004493827841807067,0
-0.8559440700511699,0.006589889836051962,0
-0.8410908306386252,0.009442177195808943,0
-0.8697361469798338,0.012965996982419407,0
-0.9211916001456212,0.016839329026372845,0
-0.9583243951408036,0.02167675244276023,0
-0.947184414992032,0.026404992852037148,0
-0.9328619591788808,0.03223451293956136,0
-0.9132345003761349,0.037853978672126816,0
-0.867614226726977,0.04252670772668445,0
-0.8410908306386252,0.04747496024910832,0
-0.8310120129737347,0.053053977419743104,0
-0.7721300412804019,0.058685696069583446,0
-0.7174919100927819,0.06397331009037736,0
-0.8204026140669038,0.06940526936740732,0
-0.7997143974951816,0.07667031186033624,0
-0.8681448079689177,0.08453487337079751,0
-0.8591267480730022,0.09271498844774273,0
-0.8251768334571052,0.10067050205575792,0
-0.8013057365060977,0.107884585693534,0
-0.7700081210275446,0.11568965385369807,0
-0.7456066451920501,0.12277786396719434,0
-0.7731910014068298,0.13041386822089104,0
-0.7530331637195954,0.1384200263879887,0
-0.714839610955437,0.14645133106401684,0
-0.7323449471478742,0.15385868131322103,0
-0.7864526994510057,0.1628978348120901,0
-0.756216044098881,0.17172919470956244,0
-0.6739935566964814,0.18030187648519566,0
-0.628373283047324,0.18786269529656477,0
-0.6129896647502916,0.1951841204240647,0
-0.577448411123477,0.20236847685264134,0
-0.5530469352879825,0.20869442391588822,0
-0.6066241063491736,0.21532440810140427,0
-0.583813969524595,0.22312059547576202,0
-0.6135202459922316,0.2313200865495193,0
-0.5843443484090827,0.24731411173514636,0
-0.5944233684314263,0.2563030769629468,0
-0.606093727464686,0.2657503281923043,0
-0.5854053085355108,0.29255010220027594,0
-0.6368607617012984,0.30410968582634407,0
-0.624660023783551,0.3257637898305991,0
-0.6899075538780017,0.3394576691647706,0
-0.6920294741308587,0.35841863486584524,0
-0.7328755283898143,0.3750874698131478,0
-0.7164309499663535,0.3942643187817821,0
-0.6411046022070122,0.41132124526844793,0
-0.7015779129112611,0.42634653984726223,0
-0.6872552547406572,0.44501983345193796,0
-0.6464092004817013,0.463464404255249,0
-0.6983950325319762,0.48196711845316625,0
-0.6750545168229094,0.4993340356067138,0
-0.7440153061811337,0.5188206104132762,0
-0.7509114458241923,0.5399900782704979,0
-0.7763738817861148,0.5625929337692336,0
-0.7090044314388075,0.5852799055081002,0
-0.7058215510595226,0.6065103606863672,0
-0.6331475024375254,0.6295054478189631,0
-0.6066241063491736,0.6487338926913865,0
-0.6103373656129467,0.6662051649756081,0
-0.6957427333946317,0.686921930740328,0
-0.6644451179160785,0.7090864986416151,0
-0.655957639262104,0.7303504123324683,0
-0.5991975878216277,0.7528782598953259,0
-0.5678999723430745,0.7758902786002997,0
-0.5678999723430745,0.799969114030621,0
-0.5668390122166461,0.8161716369429481,0
-0.5896491490412248,0.8333220424179669,0
-0.5403156161282944,0.8516436184009355,0
-0.5328890976007484,0.8663963483004624,0
-0.5270539180841186,0.8839263854023195,0
-0.4443008494397785,0.9030855992307936,0
-0.4623367668741558,0.9198495823669686,0
-0.4485446899454919,0.937483295236604,0
-0.4793117241821039,0.9532580932186149,0
-0.4734767470229274,0.9766777510067822,0
-0.5312975562323793,0.9959162477786212,0
-0.5397852372438068,1.0202324726106573,0
-0.5631257529528731,1.045002625068735,0
-0.5201577784410606,1.0684150175004439,0
-0.5997279667061157,1.088066925735833,0
-0.5843443484090827,1.1107434314407525,0
-0.513261841155455,1.1317693464477214,0
-0.4931040034682208,1.1482394981675175,0
-0.5302367984634042,1.164624118732983,0
-0.4851469036987341,1.183586172065458,0
-0.4628673481160958,1.20294538910383,0
-0.4623367668741558,1.220073807100893,0
-0.4538492882201814,1.240430274445151,0
-0.4936343823527089,1.2530053316806218,0
-0.484085943572306,1.2709259616153348,0
-0.4612758067477266,1.2964070572494402,0
-0.4310391513956026,1.314787991753442,0
-0.446422769692635,1.3369360933759946,0
-0.4220212938571402,1.3563657094174226,0
-0.3551822223943198,1.3742560101430805,0
-0.341920524350144,1.3916759765313482,0
-0.3297197864323973,1.4031701022117438,0
-0.3339636269381106,1.4183604799011957,0
-0.3212323077784229,1.4360280327776054,0
-0.2628809173270299,1.4548750873425385,0
-0.1721709512706562,1.470829492441912,0
-0.1801278486826895,1.4801129802575814,0
-0.200816065254411,1.4834154835826414,0
-0.1817193900510587,1.4867158227884152,0
-0.2045293245181843,1.4960416985905818,0
-0.203468566749209,1.5061068874579306,0
-0.2596980369477447,1.5189047191866873,0
-0.2793252933930381,1.5194184573843146,0
-0.2894043134153817,1.5289261374895107,0
-0.214608344540528,1.555355522496896,0
-0.2390098203760228,1.569093508396922,0
-0.1997551051279829,1.5744831902763954,0
-0.136629495286389,1.5685250096126284,0
-0.0872959623734585,1.5588727998358036,0
-0.1318552758961875,1.5480363603302996,0
-0.1382208342973051,1.5505788379253727,0
-0.1748232504080004,1.5531909036311582,0
-0.1695184497758578,1.548418711044469,0
-0.1185935778520117,1.5460368140032483,0
-0.1658051905120856,1.5397946478773001,0
-0.1578482931000512,1.5396724212453197,0
-0.2459059600190807,1.5391181899186885,0
-0.2071818260129823,1.5345765535438032,0
-0.1716403700287151,1.5227254525110374,0
-0.1382208342973051,1.4937991615786324,0
-0.1833107290619748,1.487325789516248,0
-0.2119560454031838,1.4787536491716853,0
-0.1886153273366643,1.4582440693862098,0
-0.1748232504080004,1.4348450860383755,0
-0.1822497689355464,1.4060986215823341,0
-0.1663357717540256,1.3788468609476547,0
-0.132916236022616,1.3564789480991633,0
-0.1185935778520117,1.343109715638919,0
-0.1127583983353822,1.3233476051373567,0
-0.0331882100703271,1.3023614619322899,0
-0.0506937486202163,1.2795245605875232,0
-0.040084349713385,1.2622624297749685,0
-0.0093173154767726,1.2413183471040412,0
-0.0119696146141168,1.2311201682104058,0
0.0548694568487024,1.217026172636019,0
0.0750270921784838,1.1956660133359864,0
0.0447904368263588,1.1916248258110484,0
0.0601740551233919,1.186377859880951,0
0.1254215852178431,1.181658630372327,0
0.1577801608228242,1.1760520795304001,0
0.1699808987405717,1.1701155993472396,0
0.1965044971863764,1.1656018839932407,0
0.1662676394767987,1.1636145273485443,0
0.1789989586364865,1.162418700619104,0
0.1779379985100584,1.1584332255019216,0
0.1471707619159933,1.1424909877657243,0
0.1535365226745636,1.1371581459732467,0
0.2055223547248386,1.1271395091684153,0
0.265995665429088,1.1254450401400198,0
0.2606910671543989,1.1389899208074532,0
0.2941104005283558,1.1390091097738317,0
0.2633431639342903,1.1382185635519848,0
0.2071136937357547,1.1448763032125369,0
0.2193146340109552,1.145451598063783,0
0.2760746854514316,1.138627585285547,0
0.2575079844176605,1.13296211949084,0
0.1885473974168897,1.112739212351705,0
0.1482317220424214,1.0903528876979716,0
0.0633569355026768,1.0611645576331263,0
0.0294070208867798,1.0258607716629762,0
-0.0740342643292827,1.0065392378443234,0
-0.0692600449390816,0.9817163127325482,0
-0.0745648455712238,0.9636263006006334,0
0.0002311233036298,0.9426378505797182,0
0.03948583855167,0.9147128075226449,0
0.0575217559860473,0.8962433413700391,0
0.0691921150193074,0.8889501075482737,0
0.0575217559860473,0.8725442143966797,0
0.1153427675529521,0.8647739846483201,0
0.1567192006963958,0.8581039943872215,0
0.1758160782572015,0.8526733302205285,0
0.1280738843551872,0.849222051381036,0
0.0553998357331904,0.836176345533657,0
0.020919542232805,0.8289095777204407,0
0.0347116191614686,0.8134452173278284,0
0.1047333686461208,0.7995027137891001,0
0.1063247076570366,0.7880798661154593,0
0.0294070208867798,0.7645411736204529,0
-0.0252313126582926,0.7458470856389212,0
0.0766186335468526,0.7271258862269487,0
0.0405467986780984,0.7167255495182352,0
0.0060663028202604,0.7011676456884791,0
0.0193280008644362,0.688288757204656,0
0.0315287387821829,0.6760699674136577,0
0.0925326307283734,0.6471038252191822,0
0.0776795936732818,0.6377793468514075,0
0.1487623032843625,0.6221483475669376,0
0.2426549473625685,0.6108398320216036,0
0.1965044971863764,0.6188884953289421,0
0.2803181212422392,0.613072020496487,0
0.2628129874072557,0.6105147556928705,0
0.2468987878682822,0.6157211506663269,0
0.2007479329771841,0.6132302108108451,0
0.2304544118022741,0.6123094163556831,0
0.1280738843551872,0.6113379578981912,0
0.154597280443539,0.6083122652366417,0
0.1471707619159933,0.5973136557767261,0
0.1561888218119078,0.5854161919804954,0
0.0776795936732818,0.5757431991891554,0
0.1498230610533375,0.5302148732049194,0
0.2606910671543989,0.5140486132247244,0
0.3301822353971104,0.5057717843941361,0
0.3434439334412862,0.5057197879813979,0
0.360418890749235,0.5026128584178301,0
0.2983542410340695,0.505298993213852,0
0.3142680358581369,0.5046605753701848,0
0.4177095234316522,0.5051840962167199,0
0.4081610846512493,0.5032433113532612,0
0.4129351016839977,0.5092819174032135,0
0.4267273809701143,0.5049146160139584,0
0.3768632668152432,0.5049898126913522,0
0.3954299678490142,0.4998556928993748,0
0.4028564863765602,0.4941237428153721,0
0.3980820646289057,0.49436253506479155,0
0.4230141217063413,0.48888840584331283,0
0.352992372221689,0.4862212239419191,0
0.3890642070904436,0.47839267608958863,0
0.4155876031787953,0.4703287008509337,0
0.4840180136525315,0.46328931879873886,0
0.5375953870711756,0.45988744720341285,0
0.4490069365527522,0.4607210133365005,0
0.5593443614118728,0.4553503917784804,0
0.5710147204451326,0.45060083353750485,0
0.5360036433453533,0.44613413306627037,0
0.5497959226314699,0.44107163352014933,0
0.5683622189503349,0.4373548729891821,0
0.5779106577307378,0.43366652954273616,0
0.5779106577307378,0.4332194545485304,0
0.5667708799394188,0.42885399021604287,0
0.6176957518632653,0.4263438115216145,0
0.6118605723466355,0.42853592368671256,0
0.5964769540496028,0.42443017379247305,0
0.5365342245872942,0.421417436977369,0
0.386411705595646,0.4248146556574718,0
0.325408218364362,0.4208581696062758,0
0.4039172441455356,0.41750963735671204,0
0.3418525944303701,0.41378481838932424,0
0.2766048619784662,0.4117186581283408,0
0.2203753917799305,0.4106257544300556,0
0.2612212436814334,0.40932747167804895,0
0.2193146340109552,0.4090016753197009,0
0.2840313805060122,0.40692242138442974,0
0.2728916027146932,0.4050333433682545,0
0.2919884802754989,0.404628681686765,0
0.3057807595616155,0.4084883230875008,0
0.3206337966167075,0.40632596858249287,0
0.3338954946608833,0.4081363172730372,0
0.2368197678459386,0.41206730218814386,0
0.2787267822313231,0.42661714625094427,0
0.2373503490878794,0.4351476283712252,0
0.2983542410340695,0.4364224633412881,0
0.262282406165315,0.4384364601475436,0
0.423544702948282,0.43714687071243996,0
0.3970213068599303,0.44764092224010327,0
0.5269857858068913,0.449871016007174,0
0.6452803104354986,0.45927339275159657,0
0.6818823218312877,0.4742767941999991,0
0.7190153191839238,0.4953880979265125,0
0.7078755413926048,0.5093203630766462,0
0.7184847379419831,0.5247573826677641,0
0.6548287492159014,0.5473974904758343,0
0.7004490228650588,0.5624565708697589,0
0.7031011196449504,0.5749269091003154,0
0.716893398931067,0.597302616115453,0
0.5190286860374045,0.6141125797039112,0
0.5163765892575131,0.6227627425862434,0
0.5524484241262676,0.6406113649818128,0
0.3959601443760489,0.6532115350999267,0
0.3970213068599303,0.6612822416680507,0
0.4330931417286849,0.6602491035061808,0
0.4702257343664148,0.6615504398971697,0
0.5232725265431183,0.6748119895793595,0
0.3869422868375867,0.6817652210272968,0
0.4203616202115437,0.6892864035540998,0
0.4617384580698935,0.6850807188473516,0
0.4781828341359016,0.6921390493326474,0
0.4293798824649119,0.685524380380183,0
0.5057669879932287,0.6728449300002408,0
0.4330931417286849,0.6727997366521563,0
0.3747417512772924,0.6724935005451703,0
0.4437023382780631,0.6649229107458954,0
0.4187702812006276,0.6686769407915196,0
0.4463548397728608,0.656849856468218,0
0.4548421160693821,0.6503988507711863,0
0.336547996155681,0.6380396707746483,0
0.3296516541551696,0.62426658622738,0
0.3731500075514701,0.6180832111116829,0
0.3503398707268914,0.6055572610917401,0
0.3418525944303701,0.5841419384242127,0
0.2341676710660471,0.5773110059551677,0
0.2580385656596012,0.5607489876369073,0
0.2819098649680615,0.5435044298784075,0
0.3094940188253885,0.5246259844100238,0
0.3582969704963782,0.5077484379566438,0
0.3853509478266706,0.5000306580996384,0
0.3837596088157545,0.48705531494529647,0
0.430971221475828,0.4841819833945604,0
0.4389283212453148,0.47332846784705546,0
0.4208922014534844,0.4688368140790492,0
0.4728782358612124,0.45660788655241324,0
0.5121327487517993,0.4550959241443926,0
0.4882618541582452,0.4481059169712079,0
0.4919751134220182,0.4395629259803087,0
0.430971221475828,0.4368914377199287,0
0.3805765260790161,0.42929436407238525,0
0.3795157683100408,0.42202810984452055,0
0.3683759905187218,0.42191296897443387,0
0.4590859565750959,0.4143858899357104,0
0.5184985095103699,0.4121485020427093,0
0.4240748794753167,0.40690859468091267,0
0.4452936772889793,0.399632872436992,0
0.4410502414981717,0.39385880864388967,0
0.4909139509381367,0.3844117162002089,0
0.5582836036428974,0.37832989573330944,0
0.5413086463349486,0.37663341693447827,0
0.5402474838510671,0.379059554162674,0
0.609208475566744,0.38152510697908815,0
0.6198176721161223,0.3805016955633677,0
0.5821544982364516,0.3814070595808899,0
0.6113303958196009,0.3809154684548977,0
0.6712731252819095,0.37953604251549977,0
0.780019211130114,0.37668119610239276,0
0.776305951866341,0.3745042247340264,0
0.8389011828234473,0.3790388569777501,0
0.7285637579643267,0.3816087578865652,0
0.7290939344913613,0.3855925594066909,0
0.7264418377114698,0.3855581752055598,0
0.7619830913382836,0.3903865073864206,0
0.6670292847761957,0.3896949417192386,0
0.5503265038734108,0.39240282369927926,0
0.569953557961251,0.39580489416860054,0
0.5932942760277705,0.4044677512253912,0
0.6007207945553165,0.4042580437730771,0
0.4856093526634475,0.41286280237443146,0
0.4272579622120551,0.4144928279188124,0
0.4521900192894906,0.41877098509385746,0
0.4548421160693821,0.41779780533887595,0
0.3094940188253885,0.4166289138785639,0
0.3301822353971104,0.4172726312361398,0
0.3572362127274028,0.418733870951639,0
0.3710280872986133,0.4182787658642531,0
0.3418525944303701,0.41587055947832313,0
0.2962323207812127,0.4147561299192467,0
0.2500814658901145,0.4139726904625903,0
0.1641457192239414,0.41455924674701833,0
0.1349700239982456,0.4153076150422208,0
0.1328481037453883,0.4474394103835687,0
0.0856364910853155,0.44351023338802703,0
0.0569911747441065,0.44077910057168135,0
0.0039443825674031,0.4359344540325802,0
-0.0215180533945204,0.434774600572633,0
-0.0353101303231836,0.43478060844084804,0
-0.2602286181896858,0.4357623421110138,0
-0.2305223417220484,0.44023314985818013,0
-0.219382563930729,0.44519459329515687,0
-0.219382563930729,0.45177746307544503,0
-0.203468566749209,0.4579495917019035,0
-0.3801142794717557,0.46277042114669914,0
-0.3164580883882214,0.4723997744195801,0
-0.5397852372438068,0.48202675759331465,0
-0.4755984649183316,0.49889423951030837,0
-0.4793117241821039,0.5091905022849101,0
-0.5466811745294123,0.5227582660967118,0
-0.4851469036987341,0.5397654577068467,0
-0.5127312599135143,0.55284902448866,0
-0.405576715433679,0.5653784420530332,0
-0.3896627182521586,0.5781917471298802,0
-0.4830249834458772,0.5917485220551698,0
-0.4236126328680563,0.6095532886513725,0
-0.5090180006497413,0.622674450021929,0
-0.4745375047919025,0.6395405704808731,0
-0.5010609008802541,0.6534636679345368,0
-0.4252039718789724,0.6717626467709185,0
-0.49840860174291,0.6822202023350037,0
-0.5684303512275626,0.6957725572632587,0
-0.7615206423735702,0.7135140804813087,0
-0.7105957704497237,0.7421280273894406,0
-0.7806175199343762,0.7677037819627731,0
-0.7960011382314086,0.7964367407166327,0
-0.9583243951408036,0.829994666812428,0
-0.762581602499999,0.862900077475273,0
-0.8479869702816836,0.8945253669213235,0
-0.8097932151600721,0.9224909680143297,0
-0.8055495770118114,0.9423197932818337,0
-0.7456066451920501,0.9674804536436281,0
-0.7164309499663535,0.9949315042210611,0
-0.670280297432708,1.0180201805391662,0
-0.6405740209650713,1.0330793947561323,0
-0.573735151859704,1.0479652868947145,0
-0.4368743309122321,1.054993165858532,0
-0.4246735929944847,1.0576634942493965,0
-0.4777203851711881,1.056609083044294,0
-0.5350110178536053,1.061151650697657,0
-0.450136028956408,1.0682178376816713,0
-0.4395266300495763,1.0700412742252943,0
-0.4522579492092649,1.0688104823352735,0
-0.3604870230264623,1.0715731103782997,0
-0.4257345531209132,1.066819709533022,0
-0.4230822539835682,1.0660857781762276,0
-0.3960282766532765,1.0645155527282195,0
-0.3663222025430926,1.0663606521672528,0
-0.4565015873575255,1.0669900505193306,0
-0.3864798378728729,1.0758104538560325,0
-0.3376768862018836,1.0828368715119494,0
-0.3610174019109504,1.0862820232073693,0
-0.2830387550142641,1.0959291161653417,0
-0.3201713476519937,1.107342765695193,0
-0.3679135415540083,1.1123321622245075,0
-0.3493472452351434,1.1138124986471152,0
-0.4220212938571402,1.1255976698440475,0
-0.4177774533514268,1.1321018137676064,0
-0.4342220317748876,1.1382731759196218,0
-0.3976198180216457,1.1462275548300158,0
-0.3551822223943198,1.150554742074649,0
-0.3281284474214808,1.158778050249054,0
-0.2655332164643745,1.1690988931005502,0
-0.2390098203760228,1.1762108636763304,0
-0.1949810880952346,1.1822164163001125,0
-0.1928591678423773,1.186764424475618,0
-0.1769451706608573,1.1875739678336552,0
-0.2713683959810044,1.1887667582485455,0
-0.2703074358545759,1.184405917786421,0
-0.1939201279688065,1.178756154877473,0
-0.1790668885562615,1.1773310855067374,0
-0.2543934386730555,1.1774945782124093,0
-0.2124864242876711,1.1745734625656035,0
-0.2140777632985868,1.163613601019846,0
-0.2321136807329649,1.1555669783373381,0
-0.2087731650238981,1.1556145398073705,0
-0.2400707805024512,1.1531060892534606,0
-0.2018770253808402,1.1555383968281152,0
-0.1976333872325787,1.1413559202861028,0
-0.1238983784841539,1.1378340998248428,0
-0.1053318798078358,1.1257973043194582,0
-0.1101060991980373,1.1135896210503122,0
-0.0798694438459126,1.0977932516797897,0
-0.0830523242251975,1.085423808338011,0
-0.0406147285978727,1.0695533485588142,0
-0.032657831185839,1.0588804431287837,0
-0.0825217429832575,1.058606054022955,0
-0.0941921020165168,1.04270663477894,0
-0.0347797514386963,1.034480145246301,0
-0.0628944865379637,1.0223202861046259,0
-0.0687296660545936,1.0100401929718617,0
-0.0241703525318646,1.0030133125947793,0
0.0527475365958459,0.9977256077562914,0
0.1052639498880616,0.9826008875104542,0
0.0988981891294914,0.9717300795104648,0
0.0798013115686849,0.9643245061030954,0
0.1317873459764133,0.9503812376714404,0
0.2018090954610656,0.9359389867762137,0
0.1795293375209745,0.9305926956447332,0
0.2129488732523845,0.9228532115151724,0
0.158310742064765,0.9130076741340198,0
0.1747551181307731,0.9007704970103488,0
0.1487623032843625,0.8895472789491133,0
0.1832427991422006,0.8853836906594791,0
0.1678589784877148,0.8841086861591531,0
0.180590297647403,0.8791751611392985,0
0.2707696824618363,0.8651106383346815,0
0.3025980815397833,0.8556279474063406,0
0.2808487024841799,0.8469637137144309,0
0.2447768676154254,0.9285247786072874,0
0.14345750265222,0.9269098289507081,0
0.1540669015590513,0.9230261251661674,0
0.1758160782572015,0.9135260062444126,0
0.15937149983374,0.9066411923645624,0
0.064417895629106,0.9023407580443056,0
0.0713138329147105,0.8955400348087604,0
0.087758411338172,0.8880941769076717,0
0.0426687189309557,0.8808480932310153,0
0.0808622716951141,0.8687242012390308,0
0.0585827161124757,0.850431731157632,0
0.0564607958596189,0.841034679492996,0
0.0235718413701492,0.83088645237137,0
0.0628263542607368,0.8105887671238124,0
0.0755576734204246,0.7933902654406035,0
0.1206473658276416,0.7796884910589583,0
0.1148121863110114,0.7613023628021773,0
0.1328481037453883,0.7451266534045246,0
0.1270131265862119,0.7248377447264955,0
0.0437294766999307,0.7059848127573383,0
-0.1424646748030188,0.6922057313052362,0
-0.1042709196814078,0.686367814083649,0
-0.077217144708568,0.6701863590151351,0
-0.0947224809010042,0.6659108894178322,0
-0.2124864242876711,0.6532905970944018,0
-0.3764010202079828,0.6474777556684284,0
-0.3896627182521586,0.6478789436535128,0
-0.3774619803344112,0.6523913130232798,0
-0.4729461657809867,0.6552676088412814,0
-0.4246735929944847,0.6640338420161519,0
-0.3504080030041187,0.6674404368722049,0
-0.3891323393676709,0.6732758423167118,0
-0.3886017581257301,0.6751010862231931,0
-0.5015914821221953,0.6773184690162136,0
-0.4411181714179455,0.6853081727716676,0
-0.4289174335001985,0.692143252336727,0
-0.4596844677368109,0.6975848082867582,0
-0.3551822223943198,0.7066911094890347,0
-0.3626089432793192,0.7105182114253575,0
-0.2093035439083854,0.7161394610764146,0
-0.1679271107649421,0.7171420890639892,0
-0.1429950536875061,0.7128550896939577,0
-0.1467083129512795,0.7041989102581715,0
-0.0644858255488802,0.7052194846025956,0
-0.0618335264115353,0.7040482838230055,0
-0.1127583983353822,0.7019340082841712,0
-0.0798694438459126,0.6953150487082921,0
-0.2305223417220484,0.6907088150363433,0
-0.1727013301551435,0.691721019408408,0
-0.1636834726166814,0.6916820562429808,0
-0.1557263728471947,0.6952138305741435,0
-0.1467083129512795,0.6973293939625093,0
-0.0087867342348319,0.6900668101056849,0
-0.0209874721525793,0.6834885256765271,0
-0.0204570932680912,0.675398774059764,0
-0.0538764266420485,0.6664308446009028,0
-0.1578482931000512,0.6631374452524761,0
-0.2024076066227802,0.6635372542856857,0
-0.2809168347614073,0.6643118454998593,0
-0.263411296211518,0.6721122299125947,0
-0.2321136807329649,0.6769427866402205,0
-0.2029379855072682,0.6810886588219777,0
-0.2501495981673421,0.680230211963761,0
-0.2427230796397958,0.6852673679236623,0
-0.2331746408593929,0.6967329586360093,0
-0.1976333872325787,0.7546077305626464,0
-0.1350381562754729,0.7613361508371135,0
-0.106923218818752,0.7795821821006348,0
-0.3525299232569756,0.7798459772502762,0
-0.2618199572006015,0.787227933125844,0
-0.3132754103663892,0.7956995482391748,0
-0.3695048805649248,0.8248367282216994,0
-0.5042437812595398,0.8384076898673574,0
-0.4273258921318297,0.8528538488329186,0
-0.3233542280312794,0.8667449185035914,0
-0.3005440912067006,0.8760870317436696,0
-0.1854326493148321,0.8929256914986297,0
-0.2846300940251802,0.8989736091458702,0
-0.3249455670421958,0.9168347189324623,0
-0.3037269715859856,0.9243468842614501,0
-0.2326442619749049,0.9289870522708911,0
-0.2257481223318469,0.9279642465721176,0
-0.2607589970741731,0.9308330000783123,0
-0.278264535624063,0.9343004788796944,0
-0.3408597665811689,0.9344785996446419,0
-0.3689745016804368,0.939253406092131,0
-0.3005440912067006,0.9470753684175718,0
-0.2554543987994836,0.9542276643205913,0
-0.2061208658865532,0.9538490273580544,0
-0.2915262336682389,0.9516260851697038,0
-0.3530605044989167,0.9470977616032284,0
-0.2299919628375607,0.9412177118574409,0
-0.2278700425847038,0.940890161262497,0
-0.2161996835514441,0.9387571665360008,0
-0.1456475551823045,0.9292632581008755,0
-0.1695184497758578,0.920025264945883,0
-0.2570457378104001,0.9081872753541007,0
-0.2920566125527262,0.8971075067940724,0
-0.3047879317124147,0.8922148908886743,0
0.1222389071960108,0.8808900959826477,0
-0.0666077458017367,0.8615385017223477,0
-0.1318552758961875,0.8442398300102325,0
-0.1307943157697595,0.827513538497947,0
-0.132916236022616,0.8150192580535736,0
-0.1037405407969197,0.8025365091403656,0
-0.1753536292924885,0.7922780389439444,0
-0.2177910225623602,0.7850500605634604,0
-0.222034863068074,0.7762753062130064,0
-0.2485582591564256,0.7731494510032574,0
-0.346164364855858,0.7666932797341243,0
-0.3700354618068648,0.7632418108492167,0
-0.4220212938571402,0.7589478085495206,0
-0.4321001115220307,0.7520811886063069,0
-0.4130032339612246,0.7425700736864471,0
-0.4161861143405103,0.7310780223700349,0
-0.4225516727416282,0.7219001220850567,0
-0.4246735929944847,0.710135226045321,0
-0.3737487210706382,0.6987613297546676,0
-0.312744829124448,0.6825040317981329,0
-0.3716268008177813,0.6612711421442738,0
-0.4130032339612246,0.6223198866331942,0
-0.3838275387355288,0.5911515056287342,0
-0.353590883383404,0.556966050806603,0
-0.3615479831528904,0.5294984090902419,0
-0.3864798378728729,0.49458729807053786,0
-0.3413901454656566,0.4479840842330117,0
-0.2453753787771407,0.40262898368927263,0
-0.2315833018484768,0.3535243512128618,0
-0.2087731650238981,0.3190712783317447,0
-0.2538628574311144,0.2755454864642205,0
-0.2681855156017194,0.2493355452071309,0
-0.293647951563642,0.21171557680949935,0
-0.3403291853392282,0.1741109275543659,0
-0.2331746408593929,0.143432647866762,0
-0.215138723425016,0.11082821836564742,0
-0.1785365096717734,0.08373241346941158,0
-0.2252177434473596,0.059633004944944834,0
-0.1827801478200337,0.040192543658380986,0
-0.1780059284298326,0.022176149101142885,0
-0.1981637661170668,0.010011286504839094,0
-0.2013466464963521,-0.00308658330281432,0
-0.1843716891884029,-0.015715055017449357,0
-0.2029379855072682,-0.021410604969295092,0
-0.1525434924679098,-0.024296939624224027,0
-0.1880849484521763,-0.024630187033171005,0
-0.2856910541516083,-0.023062899010657886,0
-0.1849020680728909,-0.017857469603058052,0
-0.106923218818752,-0.009227406235384691,0
-0.1498911933305648,0.004033622945868984,0
-0.1371600765283297,0.052638862900694104,0
-0.1159412787146671,0.0803467017953335,0
-0.1318552758961875,0.12141217813595925,0
-0.2878129744044655,0.13777896791437388,0
-0.2459059600190807,0.17415889165139026,0
-0.2384794414915355,0.2262219911432891,0
-0.1148803185882387,0.278620047635949,0
-0.1148803185882387,0.32790045789091543,0
-0.0740342643292827,0.375011913644495,0
-0.0835827031096856,0.424060661018111,0
-0.0719123440764258,0.44502322430242097,0
-0.0973749823958022,0.520559259741913,0
-0.0750952244557111,0.5840365319750525,0
-0.0278836117956376,0.6287546280208164,0
-0.0204570932680912,0.7120434736345919,0
0.018267040738007,0.7817913791282924,0
0.0177366618535197,0.7980214762234145,0
0.0331202801505521,0.877106285249923,0
-0.0082563553503446,0.9400259178844309,0
-0.0040125148446304,0.9856197441138066,0
0.0272851006339226,1.0963388462606216,0
0.0575217559860473,1.1550866639384825,0
0.0596436762389038,1.1650383057544145,0
0.0575217559860473,1.2229093179100718,0
0.0246328014965784,1.2929743726673446,0
0.0309983598976956,1.3702778729509686,0
0.1301958046080441,1.4270043719031402,0
0.1418661636413039,1.5025512251922144,0
0.1116295082891791,1.514724897788044,0
-0.0522850876311324,1.6069808387560252,0
-0.0549373867684766,1.6501379030690813,0
-0.0825217429832575,1.7237849048765694,0
-0.1334466149071037,1.771917846696947,0
-0.12548971749507,1.8136531613984959,0
-0.1477692730777076,1.846190582596395,0
-0.1101060991980373,1.9023114670648684,0
-0.1090451390716092,1.989567683725548,0
-0.1196545379784401,2.039262932323104,0
-0.2045293245181843,2.0890198873989805,0
-0.2655332164643745,2.1173122796892994,0
-0.3397988064547409,2.20017793117931,0
-0.3954978977687884,2.2080871676369433,0
-0.3774619803344112,2.26322103950881,0
-0.3854188777464449,2.288153823466349,0
-0.4485446899454919,2.419280542617588,0
-0.4793117241821039,2.4222576228616193,0
-0.5562296133098148,2.4334318389912486,0
-0.5827530093981665,2.44295638477495,0
-0.5222796986939171,2.5360272601671356,0
-0.5116702997870859,2.5975367538025376,0
-0.5450898355184959,2.616738075500774,0
-0.5848749296510234,2.67030641447769,0
-0.5652476732057303,2.6652636624506068,0
-0.5000001431112792,2.6379777958221156,0
-0.4867384450671033,2.717238217304381,0
-0.4533189093356933,2.724421630409932,0
-0.4533189093356933,2.7748139419502533,0
-0.3875407979993021,2.8254532022615586,0
-0.3615479831528904,2.8645212378069687,0
-0.3827665786091007,2.8480894426098615,0
-0.4862078638251625,2.9290383386712397,0
-0.5673693911011334,2.967355628356351,0
-0.6294342431737524,2.9788958778894186,0
-0.7164309499663535,3.0160137519738113,0
-0.8400300728696499,3.016832893998898,0
-0.7344668674007307,3.0346058059393184,0
-0.7116567305761521,3.075949414473716,0
-0.7328755283898143,3.100277543158598,0
-0.779556559807947,3.1254556049420175,0
-1.024632885361683,3.120031542817234,0
-1.5630578057194775,3.141366296935853,0
-1.3917165900928934,3.093309189738753,0
-1.464921219956831,3.098457838824176,0
-1.5434304480954577,3.0705165563053725,0
-1.53122971017771,3.0375713863952116,0
-1.6919614257187368,3.007259749729542,0
-1.7847933120279675,2.9576391681168026,0
-2.133841200503527,2.905664155806908,0
-1.8765643393894968,2.8237856908812966,0
-2.024564836949561,2.807902877207217,0
-1.975231304036631,2.67825409260075,0
-1.940750909357519,2.6346960853494554,0
-1.915288473395596,2.589793109844712,0
-2.0155468782323727,2.5435687252742376,0
-2.0733678897992776,2.460749458210033,0
-2.1486943387373456,2.375647779848625,0
-2.1280061221656235,2.3317857908834685,0
-2.1370240808828123,2.257635017838653,0
-1.871259639936081,2.172901314582115,0
-1.7110583032795423,2.120663717832055,0
-1.8309440657403395,2.0847123047918807,0
-1.9609087470447533,2.0483916951014858,0
-1.8834603778538284,1.978203773551709,0
-2.0070593995783983,1.9421025434334995,0
-2.02562579707599,1.8908780869461204,0
-2.147633378610917,1.8006299774533874,0
-2.1603645965918785,1.756199770886491,0
-2.1603645965918785,1.6877277015810375,0
-2.2452394843103494,1.653894153459775,0
-5.21055524793105,1.5739214366279162,0
-2.683405999831366,1.4007093947694693,0
-2.483419619631664,1.3280380199961836,0
-2.339132330746009,1.2694292706931702,0
-2.315791713858216,1.2205229234272648,0
-2.5364664118083677,1.1649380800555262,0
-2.559806978106797,1.1026756108743165,0
-2.4155196892211417,1.0382058339668936,0
-2.215002828958225,0.9879208439932965,0
-2.16513881598208,0.9444518105389882,0
-2.132780341555825,0.9011468680148707,0
-1.9115752141318227,0.8595721681122049,0
-1.9418118694839477,0.826336413528522,0
-1.9651524863717404,0.7928385492095457,0
-1.90202677535142,0.7632841910198807,0
-1.9338548708931875,0.7360005430263409,0
-1.84685806292186,0.7084737298420026,0
-1.8728509789469967,0.6883355431234406,0
-1.7524348376017125,0.6626640671111297,0
-1.6532372917126374,0.6421898027703209,0
-1.526455490787509,0.6251540150762391,0
-1.4903836559187542,0.6079179856940832,0
-1.4378672426265386,0.5950579899834137,0
-1.4150573081594129,0.587213154847119,0
-1.4505985617862267,0.5768147796998896,0
-1.3922471713348346,0.5631002441951247,0
-1.4739390774952927,0.5520488344647195,0
-1.4261970859507316,0.536533552693368,0
-1.331773658273132,0.5292421319714162,0
-1.33442615976793,0.5194767236842504,0
-1.2617519087884792,0.5106022107909156,0
-1.2362894728265563,0.5047144269803089,0
-1.2299239144254388,0.5023931992074052,0
-1.116403811544486,0.49876427776562754,0
-1.1885474812819954,0.49729117558182895,0
-1.148762387149468,0.5001863774223998,0
-1.1137515124071418,0.5036221043491282,0
-1.286683965865915,0.510564559127229,0
-1.290927806371629,0.5103037779527388,0
-1.245307532722471,0.5067211944449136,0
-1.178468461259652,0.5010858964314356,0
-1.200748219199742,0.5015749213667838,0
-1.1540669854241563,0.4999831774327868,0
-1.1057944126376549,0.5001167005338039,0
-1.0681312387579835,0.5014827682089195,0
-1.072905458148185,0.4986680756984216,0
-1.198095920062398,0.4993572072755957,0
-1.1604325438252745,0.4985726248525429,0
-1.1726332817430216,0.49700453221178975,0
-1.1084467117749992,0.49083321174739236,0
-1.131256848599578,0.488827976666353,0
-1.1020811533738817,0.4852386329123228,0
-1.05805221873564,0.48280686777933074,0
-1.0591131788620691,0.4808035954429663,0
-1.0596437601040092,0.47324054716953473,0
-1.044790520691464,0.46302845381714836,0
-1.1126905522807125,0.45858930650917684,0
-1.0633570193677826,0.45250326495975,0
-1.08722811631879,0.446328208701703,0
-1.0771490962964465,0.44014708656851825,0
-1.028876523509944,0.432617936232239,0
-1.0527476204609512,0.42528462242823606,0
-1.0612350991149255,0.4215135849406392,0
-1.0495647400816654,0.4134882030262346,0
-0.9885610504929284,0.40608275293782126,0
-0.9917437285147608,0.39956159879918657,0
-1.0357726631530024,0.3950281108169742,0
-1.024102304119743,0.3877289548929853,0
-1.007657928053735,0.3821129678799143,0
-1.0373640021639188,0.3736400096315933,0
-1.025163264246171,0.3627261497547723,0
-1.0967765550991926,0.35533955064489053,0
-1.0782100564228745,0.3465661519393308,0
-1.0389555435322877,0.33714295081280604,0
-1.0023531274215924,0.3288346898406478,0
-0.9763603125751816,0.3223783188364586,0
-0.9890914293774165,0.31588926919640903,0
-1.027815563383516,0.30979354984040136,0
-0.9896220106193576,0.3032988804437489,0
-1.0071273468117938,0.2959333165423954,0
-0.950897876613258,0.2908350790424215,0
-0.9737078110803836,0.284056520869064,0
-0.9859087513555844,0.27567453445873735,0
-0.9392275175799984,0.2668092578345385,0
-0.9392275175799984,0.25798681425375014,0
-0.9371055973271416,0.24878910993085365,0
-0.9556718936460064,0.23853225559114508,0
-0.9684032128056946,0.22794760952215387,0
-0.9535501757506024,0.2147087127513436,0
-0.914826041744504,0.2045622026058946,0
-0.9127041214916468,0.1955759726923874,0
-0.931270417810512,0.18704549379062982,0
-0.9349836770742852,0.17741278637038316,0
-0.9540805546350904,0.17050224130683678,0
-0.9461236572230568,0.16186057201795803,0
-1.012432147443936,0.15421245553452284,0
-1.0198586659714817,0.1460102132541729,0
-1.1047334525112262,0.13675990841675845,0
-1.2644044102832772,0.12708355681867672,0
-1.195973999809541,0.11520822383480324,0
-1.2357590939420686,0.10369024055379547,0
-1.2341675525736997,0.09169530215320017,0
-1.2378810141949257,0.08005857317682087,0
-1.183773261891793,0.06882224878873629,0
-1.0840452359395043,0.058133407070693935,0
-1.0410772614276915,0.04905691445085809,0
-1.0336507429001456,0.040752687822626824,0
-1.1291349283467207,0.03336737625265238,0
-1.1137515124071418,0.024789970846536582,0
-1.096245973857252,0.0062094027297913195,0
-1.0760881361700172,-0.002806377164996537,0
-1.079271016549303,-0.008354268534714646,0
-1.0607047202304385,-0.01161554820311312,0
-1.1301958884731498,-0.014419649241792622,0
-1.0808623555602197,-0.01674664599669307,0
-1.1604325438252745,-0.017401040509847403,0
-1.2490207919862444,-0.017351490811153666,0
-1.1339091477369228,-0.016780585124288448,0
-1.0569914609666649,-0.016168999457531717,0
-1.0951850137308232,-0.014313327254576305,0
-1.0294071047518851,-0.011646328749466327,0
-1.0607047202304385,-0.007746870730715517,0
-1.1227693699456034,-0.001419352952118631,0
-1.0819233156866477,0.0040883640074046105,0
-1.0373640021639188,0.009801781116260264,0
-1.0416078426696318,0.017163125561115773,0
-1.0458514808178934,0.025136223600378125,0
-1.0485037799552377,0.03332479109069032,0
-1.01508444658128,0.0415594283210003,0
-1.0909413755825623,0.05101079123119003,0
-1.058582799977581,0.06129017434644226,0
-1.1004898143629658,0.07363385354955594,0
-1.1689200224792482,0.08721536505918734,0
-1.1153428514180574,0.10197232961007284,0
-1.2309848745518672,0.11286972675903195,0
-1.2957020257618304,0.130368863571025,0
-1.3158596610916118,0.14916588197244243,0
-1.2617519087884792,0.16943831139634694,0
-1.2166622163812628,0.19149095556610024,0
-1.137622407000695,0.21204773437238977,0
-1.1567192845615015,0.22917980932600435,0
-1.244246572596043,0.2531303973269913,0
-1.0771490962964465,0.27796901371328175,0
-1.0203890448559696,0.2995206364379886,0
-1.0156148254657682,0.32170907459627224,0
-1.0331203640156574,0.34338790808030734,0
-1.0856365749504209,0.36525495841672406,0
-1.021450004982398,0.3900553608447802,0
-1.0166757855921966,0.4143068436311712,0
-0.9959875690204748,0.4380518985859209,0
-1.0002312071687356,0.46275367688744545,0
-0.9784820304705848,0.49451827890493416,0
-0.9302094576840828,0.5235049643297025,0
-0.8320729731001631,0.5540550219572368,0
-0.7896355798302906,0.5803783395921454,0
-0.7991840186106935,0.5997668154024841,0
-0.8092628362755845,0.6296728841169675,0
-0.8511698506609688,0.6564297853303611,0
-0.8124457166548694,0.6805761789514002,0
-0.7933488390940641,0.7048038764920077,0
-0.7604598846045948,0.7310829073600164,0
-0.7869832806929465,0.7523361776034803,0
-0.7954707593469212,0.7744339267745145,0
-0.7997143974951816,0.8048106433484039,0
-0.7328755283898143,0.8277112663094474,0
-0.7440153061811337,0.8534664048125863,0
-0.7217355482410426,0.886053327682972,0
-0.6883162148670853,0.9087639343330837,0
-0.6777068159602544,0.9467373541160009,0
-0.6490614996190458,0.9656142005720437,0
-0.6098069867284593,0.9913918365831416,0
-0.6819504541085151,1.0074481719123436,0
-0.7201442092301265,1.0331529652675346,0
-0.6617928187787335,1.05507983179407,0
-0.655957639262104,1.0836909245283177,0
-0.6883162148670853,1.1121314812375855,0
-0.6681583771798515,1.1583422857619152,0
-0.6469395793661885,1.1838995462302906,0
-0.6405740209650713,1.2064150962689528,0
-0.6883162148670853,1.240170413868771,0
-0.5657780520902177,1.267103362628527,0
-0.5286452570950351,1.2977780174199127,0
-0.5180358581882034,1.3245161454897518,0
-0.4432398893133497,1.3473943853448531,0
-0.442709510428862,1.35402409228897,0
-0.3917846385050151,1.3731665405296016,0
-0.4076986356865359,1.3652700935029407,0
-0.3726877609442098,1.399393251486111,0
-0.4368743309122321,1.4035669281988252,0
-0.4039853764227629,1.4017337674999577,0
-0.3901930971366463,1.4075689585850428,0
-0.3960282766532765,1.4136736765576519,0
-0.4416485503024336,1.3925924862686965,0
-0.4151251542140819,1.392094269021803,0
-0.4236126328680563,1.3909606890748043,0
-0.4108815160658216,1.3771924012093735,0
-0.4379352910386606,1.373083484476691,0
-0.4453618095662066,1.3449051732122104,0
-0.3737487210706382,1.3255876247289158,0
-0.3095621511026158,1.3210439217729628,0
-0.2602286181896858,1.28967321773525,0
-0.2315833018484768,1.2759689505911402,0
-0.1986943473590079,1.2665847924351712,0
-0.1392817944237339,1.2186828423269314,0
-0.1185935778520117,1.195667959156456,0
-0.1016186205440628,1.169218723088056,0
-0.1249591362531292,1.1502261275446701,0
-0.0597116061586788,1.1348241462777786,0
-0.028944571922066,1.1075690171970647,0
0.0288764396448387,1.0707484651440653,0
-0.0040125148446304,1.050076384044809,0
-0.0719123440764258,1.0373615961767353,0
0.0474429383211568,1.0094276621784135,0
0.0569911747441065,0.9959478041515443,0
0.1392138645039589,0.9595448297408362,0
0.1556582405699678,0.9435857133810832,0
0.0479733172056444,0.9385753419058402,0
0.002353043556487,0.9251358614919275,0
-0.0448585691035864,0.9143362373069529,0
0.0363029581723851,0.8972618600273133,0
0.1715724401089409,0.8814125349041637,0
0.2914578990335582,0.8680117653656815,0
0.236289591318904,0.8636918737996712,0
0.1811208788893437,0.8543218862596293,0
0.2039310157139224,0.8303173309326645,0
0.2877446397697852,0.8190841155019669,0
0.265995665429088,0.7994221254897815,0
0.2543253063958282,0.7869356762648426,0
0.2230278932747282,0.7846297160562321,0
0.2124182920104438,0.7905104378067854,0
-0.0315968710594106,0.7984916569636894,0
0.0437294766999307,0.7800467236258729,0
0.050625616342989,0.7712604086978304,0
-0.1504217745725056,0.7644125344540202,0
0.0309983598976956,0.7512392281271615,0
-0.10798417894518,0.74880363579499,0
0.0198585821063762,0.7379168827318412,0
0.0511561975849301,0.7219376816922684,0
-0.0024211758337143,0.7251955114410158,0
-0.0761561845821396,0.7245162471812865,0
0.0453210180682999,0.7162351664140059,0
-0.1032099595549786,0.7076227890906595,0
-0.0671381246862244,0.6952103486676339,0
-0.043797608977158,0.6903550515703765,0
-0.0528156688730735,0.6876557228803094,0
-0.0676687059281652,0.6694840691192617,0
-0.047510868240931,0.6493488931555782,0
-0.0220484322790077,0.632454368407837,0
0.1355006052401867,0.6165546959500579,0
0.1519449813061948,0.6140491125741139,0
0.1344396451137575,0.6056321643476192,0
0.1477013431579333,0.5905436776451457,0
0.0978372290030622,0.5804781327593677,0
0.0400162174361573,0.57655799693161,0
0.0442600579418714,0.5573490393123249,0
0.0819232318215421,0.531753024462215,0
0.0697224939037947,0.5196225291309674,0
0.1243606250914139,0.49374267718559334,0
0.173163779119857,0.47857150894403594,0
0.2341676710660471,0.46389401513109235,0
0.158310742064765,0.45601415968621317,0
0.2065831124938139,0.4452817283007229,0
0.2702395059348017,0.43699040747724816,0
0.2670564231980633,0.4212838704082016,0
0.2182534715270737,0.41051498953992294,0
0.2283324915494173,0.3960050742602263,0
0.2293932493183926,0.38516482803913393,0
0.2484901268791984,0.3754903375366804,0
0.2909277225065235,0.3619863730980956,0
0.1710418588670001,0.35007621597636357,0
0.2532645486268529,0.3348539170630723,0
0.301006337813961,0.31997503504369684,0
0.2596299046705174,0.305824247923322,0
0.1466403830315053,0.2875792495399177,0
0.0771490124313407,0.26925077363441025,0
0.158310742064765,0.2406942904181533,0
0.2893363834956074,0.2218658509291726,0
0.2903971412645828,0.2077429808840485,0
0.2978236597921287,0.18903115402363524,0
0.3317735744080264,0.1721138777611732,0
0.3036588393087586,0.16212859223887774,0
0.3779244292991247,0.14992829861774368,0
0.4368064009924579,0.13797825189722582,0
0.4357452385085764,0.12916667302231602,0
0.4787134153778423,0.11891348347580988,0
0.4580251988061205,0.1070094467411935,0
0.5015235522024211,0.09892686311813872,0
0.4967491304547666,0.08877942284306024,0
0.5142546690046562,0.07933139058972677,0
0.5471438258515785,0.07221629868832642,0
0.5455520821257562,0.06786107814412258,0
0.6113303958196009,0.0616833512729438,0
0.612921734830517,0.0577389895805265,0
0.5540397631371837,0.05419456992544399,0
0.5858677575002246,0.049043197222415215,0
0.6930225043375129,0.043359699452608126,0
0.6611941052595659,0.03913561886476228,0
0.6622552677434475,0.035043528466965394,0
0.6739256267767071,0.030263903519858748,0
0.7137107209092347,0.02687678637329036,0
0.6532374102049853,0.024225090058023434,0
0.6569506694687582,0.02171002943621116,0
0.6829434843151693,0.020217820747343972,0
0.776305951866341,0.018539383154346032,0
0.772592692602568,0.01923175691552109,0
0.6776388860404802,0.018541601733723836,0
0.6155738316104085,0.017174024795346174,0
0.6548287492159014,0.01864202536627917,0
0.740764293524621,0.018780479451755618,0
0.7163628176891262,0.02151408140908074,0
0.7773667096353163,0.023848710238792745,0
0.6649073645233389,0.02589044258423532,0
0.5863983387421653,0.028018694146996845,0
0.5948856150386866,0.02963516903037596,0
0.3089634375834478,0.03138977462563525,0
0.3620102297601512,0.029681017715474198,0
0.5147852502465969,0.02703735383852309,0
0.6001906180282819,0.026294745527715373,0
0.6086778943248032,0.0254108888380636,0
0.6001906180282819,0.02594501661788059,0
0.5863983387421653,0.02652864194971872,0
0.6256528516327521,0.026078366953347774,0
0.6909005840846559,0.027000366347188023,0
0.7084057179196395,0.027823284918697157,0
0.5657101221704435,0.0287765072420721,0
0.5285771248178074,0.029664031780412922,0
0.4007345661237034,0.029065654150407457,0
0.4505982755636684,0.026462288778372724,0
0.4076305034093086,0.023874093980198324,0
0.3121465203201861,0.021729800350514767,0
0.4081610846512493,0.018499047373779515,0
0.4590859565750959,0.0156508461787466,0
0.4505982755636684,0.013117878919270205,0
0.4161181844207361,0.010713031270326741,0
0.3551142924745459,0.007836540865136897,0
0.3179812951219098,0.00500861910569258,0
0.2580385656596012,0.0021241439211221323,0
0.1641457192239414,-0.00043576336004020184,0
0.091471670601945,-0.0039129333887940616,0
0.2675870044400041,-0.007091376470072941,0
0.3683759905187218,-0.008826672162404873,0
0.4118743439150223,-0.011526093217067983,0
0.3620102297601512,-0.012004702023410809,0
0.4320319792448034,-0.01261299841764337,0
0.456964036322239,-0.012531682174730186,0
0.4193008624425683,-0.012271299626655635,0
0.4240748794753167,-0.012816194827887276,0
0.4983404694656826,-0.01125344649635826,0
0.4612078768279528,-0.011110764096543158,0
0.4113437626730816,-0.005673962882261216,0
0.4617384580698935,-0.0016454856296949307,0
0.4002039848817626,0.0013114305963733749,0
0.4840180136525315,0.005684875270566579,0
0.5227419453011776,0.012039919421888411,0
0.5232725265431183,0.014291003163972835,0
0.6373232106660118,0.025562731315441352,0
0.6373232106660118,0.03313239785367873,0
0.6033732960501141,0.038689004014343185,0
0.5142546690046562,0.05076175230157013,0
0.5285771248178074,0.05807385639828853,0
0.6171655753362307,0.07015839364034326,0
0.6739256267767071,0.08004085588669693,0
0.7099974616454617,0.09172846365274734,0
0.7879759061846946,0.10000514646992183,0
0.7794886298881732,0.10931833172545849,0
0.7550871540526783,0.12142874746327954,0
0.7656963506020567,0.13455920234274105,0
0.8107860430092733,0.13945407984608238,0
0.9030877527914696,0.14956041089877295,0
0.9725789210341812,0.16884961244523283,0
0.893008732769126,0.19080618101935978,0
0.9391595876602242,0.2124319449086007,0
0.994858476616819,0.2340949636726893,0
1.0569231263319845,0.2640332687097671,0
1.0632888870905552,0.2916364531488656,0
1.052679690541177,0.3416450729475986,0
1.098830140717369,0.3934353933993999,0
1.1502855938831562,0.42157449955777254,0
1.1587732748945838,0.44408517175755385,0
1.186357428751911,0.48338765619952145,0
1.234630203895866,0.5032659903732936,0
1.161955952916416,0.5157792402663929,0
1.228795024379236,0.5492794190629385,0
1.228795024379236,0.5666544411596985,0
1.2760066370393095,0.5896543335701979,0
1.1704436339278437,0.6080328818816494,0
1.178400328982424,0.6631282811830197,0
1.2187160043568923,0.7000789255349166,0
1.2441786426762689,0.7785260539919652,0
1.2367521241487227,0.8657099276849981,0
1.0749592461238149,0.9053522419243396,0
0.9662131602756104,0.9270699340875808,0
1.0967082204645122,0.977152517788791,0
1.1317192975642911,1.0244447497109868,0
1.249483240950958,1.0720691203678427,0
1.1004214797282852,1.1085858899535952,0
1.113683177772461,1.1101459174826018,0
1.071245986860042,1.155043692635423,0
1.0760200038927905,1.210382787059642,0
1.0696546478491258,1.2106739102228365,0
0.9423422656820564,1.2246509295347905,0
0.9768227615398948,1.2598436325030185,0
0.822456402042533,1.3416715279552724,0
0.8569368979003714,1.4119363579059105,0
0.9497687842096024,1.506461330955253,0
0.9439336046929724,1.5476151570278838,0
0.4007345661237034,1.6129795330532075,0
0.4962185492128258,1.7576560096444334,0
0.2962323207812127,1.8076769903578402,0
0.2638737451762311,1.8682193203926223,0
0.3132072780891615,1.9690483893625474,0
0.3004761612869264,2.036685045484598,0
0.471817073377331,2.1033259363981993,0
0.6076171365558278,2.2255718883926043,0
0.624061512621836,2.299646871184255,0
0.5487351648624946,2.399599016488503,0
0.5874590965111407,2.5125234259906026,0
0.5673014611813596,2.6639219225396116,0
0.5375953870711756,2.7210782180545996,0
0.5450219055987217,2.841156842327712,0
0.6251222703908114,2.9328403094962967,0
0.5444913243567808,3.0239787153326363,0
0.4049784066294171,3.082835443852549,0
0.5582836036428974,3.2239707876710244,0
0.6452803104354986,3.371389649237995,0
0.6999184416231181,3.480845556653229,0
0.7943416669432651,3.706024152611645,0
0.8160910459988685,3.8060744253397645,0
0.8468578778780278,3.954716442705924,0
0.8696680147026066,4.132014363587911,0
0.7752447893824594,4.3829852066721555,1
0.8213956442735576,4.525043207463324,1
0.8696680147026066,4.686351673053938,1
0.915288288351764,4.8082313351829375,1
1.000693656133449,4.880343533839251,1
0.970987582023265,5.007003501252794,1
0.9354463283964513,5.1408139999439655,1
1.094056123684621,5.220759971441066,1
1.169382471443962,5.377734395447925,1
1.1417983175866349,5.653715448387186,1
1.2319777024010683,5.847423604436855,1
1.3173830701827534,6.055582017909433,1
1.3985445974587245,6.2234654488114005,1
1.3953619194368925,6.443584853478585,1
1.3019994518857203,6.589787393356404,1
1.2049237250707758,6.7256735248419,1
1.3264009277212154,6.950616148303691,1
1.4192328140304464,7.035416225234674,1
1.3799783011398594,7.0745991518897675,1
1.3911180789311786,7.235834003369549,1
1.4616704096577715,7.368570010942742,1
1.464322506437663,7.446201137568412,1
1.467505589174401,7.52410080996305,1
1.5741293500548428,7.637774771001977,1
1.6823448546611064,7.755868673616093,1
1.6298286437263438,7.827907142121376,1
1.525856979625794,7.917226976716403,1
1.5417711791647677,7.934491742116349,1
1.553441133483121,7.966151246769551,1
1.724251869046491,8.08973467645269,1
1.8494423309607035,8.120846858850168,1
1.6696137378588711,8.227995553435292,1
1.753958347871581,8.313766593830788,1
1.6531693617928631,8.433580205278563,1
1.616566945682168,8.470400628523636,1
1.6844667749139637,8.471580441936457,1
1.6712050768697877,8.621708925305928,1
1.708868250749458,8.601202990227224,1
1.644151099539495,8.65994098804022,1
1.86323461024682,8.687967715163964,1
2.271164571594441,8.673006234518072,1
2.652570732138801,8.658688189197132,1
2.4971436148724626,8.544488028876033,1
2.922048533528032,8.461262500703773,1
3.119382665179753,8.429919122331961,1
3.3474836287106347,8.296750245811634,1
2.551781746060084,8.071319099575458,1
2.4096163268379214,8.036904167397378,1
2.585201484148947,8.03283788614037,1
2.249945773780778,7.966509209255829,1
1.9014283653684316,7.795571908231621,1
1.8271627753780653,7.885682779647626,1
2.2483544347698605,7.871117454043169,1
2.33959457735327,7.777143928588078,1
2.733202082887736,7.713599410943834,1
2.714105205326933,7.5210123326859835,1
2.8822634393955044,7.34615629894746,1
2.7448720372060893,7.266116258036369,1
2.8276253082078844,7.195881485316494,1
2.406433648816092,7.061646144808018,1
2.3151931015177727,6.929946301704075,1
2.5051007146419493,6.903594287861019,1
2.105127853063819,6.828286014439986,1
2.0515504796451736,6.8651132076916745,1
2.264268229593929,6.862180038119417,1
2.194246480109278,6.837597165995848,1
1.8902885875771125,6.802268731591655,1
1.879678986312828,6.761734250193347,1
1.9979735109414356,6.758416253261826,1
1.787377681245538,6.69827637234949,1
2.1221028103717665,6.659172225011747,1
2.315723682759715,6.601699886352964,1
2.458949859750853,6.48864101607128,1
2.525788931213674,6.3960859937879455,1
2.2260744744723198,6.282299406930388,1
2.23615349449466,6.207132169550712,1
2.291322206924218,6.177886129928287,1
2.2000816596259045,6.087890878156079,1
2.0128265479965277,6.021515153185412,1
2.1804542008231595,5.89664995108582,1
2.197429158131108,5.872510469586483,1
2.3746056544530507,5.866808614584588,1
2.339064400826232,5.765517724317017,1
2.364526634430704,5.707212458904846,1
2.2181177794177374,5.557245507345215,1
2.504570133400012,5.466212059505674,1
2.528441432708471,5.32002317771137,1
2.608541797500559,5.192997155742755,1
2.2541892095715825,5.035167586873119,1
2.0775436992064904,4.92593440442944,1
2.393171950771916,4.927766447058773,1
2.415451506354553,4.893444168792807,1
2.646735552622169,4.803851848677795,1
2.843539103031952,4.694870444381065,1
2.748055119942829,4.561867199966172,1
2.598993358720155,4.4421080472499215,1
2.737976099920488,4.393406198938709,1
2.7920840545810703,4.344377455466869,1
2.6361263560727903,4.273523891030741,1
2.608541797500559,4.196327462499249,1
2.6382482763256503,4.1013949294606595,0
2.83770392351532,4.014019076724089,0
2.889689957923049,3.8774299135351806,0
2.868471160109386,3.759507558561124,0
2.899768977945395,3.633201422871994,0
2.985174345727077,3.537371926666325,0
3.0912679300804835,3.427795164255072,0
3.0716404712777385,3.26573586047908,0
3.1199132464216954,3.1744034402627075,0
3.2631394234128326,3.0324678216906173,0
3.231311429049791,2.9242972948387624,0
3.1867519131696067,2.8293472256974983,0
3.200544192455725,2.7299504576371185,0
3.094450608102318,2.6395648955468802,0
2.902421074725288,2.525580630863257,0
3.023367696133782,2.462255355411834,0
2.597402019709244,2.3541831135095586,0
2.655223233633598,2.27329868507135,0
2.418634589091287,2.2330997108726476,0
2.3167844405286906,2.1496806982403465,0
2.49449151809257,2.1212491329988756,0
2.59793260095118,2.0582696766168014,0
2.714105205326933,2.0003429807542994,0
2.6090723787425016,1.9147818461202806,0
2.3958244522667127,1.8330238116445752,0
2.5374592902469324,1.788098537857666,0
2.063751419920374,1.6694200775860197,0
2.0122959667545866,1.6054929741429096,0
2.2350927367256848,1.5584090171518614,0
2.3443689991009213,1.5207850021708107,0
2.307236001748286,1.4833466177928256,0
1.8695999662904843,1.4266365557298266,0
1.8940018468408852,1.3858910223564014,0
1.8664172882686525,1.340418828088154,0
1.9624318525997155,1.3130082077663379,0
2.228196394725173,1.2699029701850966,0
2.3141323437487973,1.2256681052729503,0
2.2101606796482507,1.1587368809042828,0
1.896653943620777,1.0529691966306525,0
1.809126655586235,1.0055940299709878,0
1.9152202399396416,0.9632575206473927,0
1.8239800973562328,0.9289305480498408,0
1.944926718764732,0.8994574890450544,0
1.90036720288455,0.867792190479199,0
2.017070388502241,0.8258610560615757,0
1.766158883431875,0.7797873419929451,0
1.7942736185311432,0.7488731339181119,0
1.5948179713414707,0.7191853868369826,0
1.4823586262294934,0.7167055273244302,0
1.5072906833069288,0.704692317109063,0
1.6001225696161598,0.6886377621654218,0
1.5863302903300434,0.6682170736656909,0
1.6621872193313254,0.6570489115049132,0
1.7900297780254295,0.6374452075548763,0
1.6706744956278468,0.6104465789919838,0
1.5285094811205917,0.5855990382691612,0
1.3757344606341455,0.548588917257685,0
1.4595484894049149,0.5242189982828102,0
1.5863302903300434,0.5060266225275831,0
1.6006527461431943,0.47957842729541483,0
1.572007834516892,0.46115903802440306,0
1.7582017836623889,0.4435171065555888,0
1.8192056756085788,0.4315501203115361,0
1.6934846324524255,0.4175821830301587,0
1.722129948793634,0.3925671851270479,0
1.931665020720556,0.37860071359049885,0
1.6468036010342926,0.3576498958571757,0
1.5359359996481374,0.3517003890989574,0
1.3799783011398594,0.34826120075745964,0
1.393770580425976,0.35398840605942816,0
1.3943007569530108,0.3483376313175663,0
1.132249878806232,0.32907851667404897,0
1.2171246653459764,0.3185212351163671,0
1.3895267399202624,0.31136561294415516,0
1.442042950855025,0.29704600494005257,0
1.4171108937775894,0.28326800893570475,0
1.4791759482076612,0.268453810604055,0
1.2998775316328637,0.2520214230426851,0
1.3004081128748044,0.24113614418656878,0
1.333297269721727,0.2337147353146916,0
1.2653970357750253,0.233364908537397,0
1.1852966709829356,0.2266101962668008,0
1.2144721638511786,0.22871604685272587,0
0.9624999010118376,0.22374355645242996,0
0.8548149776475146,0.2239868567996004,0
0.9497687842096024,0.2284966690194227,0
1.143389656597551,0.23752934616689783,0
1.0945867049265614,0.23318933226588168,0
1.002284995144365,0.22112480893465755,0
1.2218986823787246,0.2239093289956838,0
1.375203879392205,0.21294129295902994,0
1.4409821930860496,0.19914766192957734,0
1.4775842044818388,0.18886673205657023,0
1.699850393210996,0.1751707005725342,0
1.6197496237040003,0.16362301782527694,0
1.5253263983838532,0.15361358136595807,0
1.4149889735247323,0.15079470754675942,0
1.512595281581618,0.14415822474840853,0
1.326931508963156,0.13045119607073175,0
1.3189744091936697,0.125841008295876,0
1.1789309102243648,0.11761427676709199,0
1.323748830941324,0.11477312650083414,0
1.346558967765903,0.10670717054923577,0
1.297225434852972,0.0968782138024964,0
1.2722933777755363,0.08241010576593977,0
1.311547890666123,0.06830927973980659,0
1.4489392928555365,0.06760110714504661,0
1.511003942570702,0.05818311349326083,0
1.4484087116135955,0.05067858806230761,0
1.3757344606341455,0.044332778641060736,0
1.4733407686910311,0.03597883624416509,0
1.5598068942416916,0.029236028017525294,0
1.462731167426747,0.018011616299745306,0
1.69825905420008,0.015512465769931445,0
1.6547607008037797,0.010392561274437185,0
1.5019860850322395,0.00716281217739378,0
1.3386018679964158,0.004570819783758795,0
1.3725517826123137,0.0041612530354398995,0
1.5046381818121313,0.003165782610026643,0
1.3407237882492726,0.0004629645252014031,0
1.3964226772058677,0.0008953295617671149,0
1.3258703464792747,0.0016055512934031193,0
1.1163356792672583,-9.058200957151498e-05,0
1.0335828129803712,-0.0008996924746998852,0
1.0150165166615064,-0.0029023824483494633,0
1.0797332631565633,-0.003006045482739871,0
0.9200627100994184,-0.0029971038753066094,0
0.8320048408229359,-0.004484963975187307,0
0.8829297127467824,-0.003936864683370956,0
0.9338545846706288,-0.004919645343738208,0
1.0585148700578069,-0.00783410859176316,0
1.094056123684621,-0.010264228059293688,0
1.028278214705682,-0.011593852358008831,0
0.8664853366807743,-0.010727743072620245,0
0.7243199174586129,-0.011233827446698,0
0.605495216302971,-0.008897349692082559,0
0.5763193187198217,-0.007459871415881686,0
0.5529786006533022,-0.0068485560031931025,0
0.6670292847761957,-0.005424825521777857,0
0.7847932281628623,-0.005340121514473843,0
0.8850516329996393,-0.005911186348735674,0
0.8229869832844737,-0.007250896663480408,0
0.7264418377114698,-0.007958305407276397,0
0.774184031613484,-0.007457464708071334,0
0.8219258208005923,-0.006380775861352472,0
0.9386290064182834,-0.008123991566190024,0
0.8961914107909582,-0.008887729489609036,0
1.005998254408138,-0.007989653715469136,0
1.004406915397222,-0.007141581543109924,0
0.9741702600450972,-0.006814292269468931,0
0.9444641859349132,-0.007371030199450203,0
1.043131251760774,-0.006319422882427561,0
0.8664853366807743,-0.006313245637009134,0
0.6495237462263062,-0.006991850204481234,0
0.6935526808645475,-0.00573150562831463,0
0.6988572791392366,-0.005510741096818868,0
