brier,reliability,resolution,uncertainty,base_rate,n,episode,asset,method,mapping,kind
0.13784246575342465,0.014988776044430427,0.1274624918460535,0.25,0.5,146,COVID-19,USOIL,anomaly_transformer,exponential,model
0.31930240195158566,0.09981662724495942,0.030267449445531634,0.25,0.5,146,COVID-19,USOIL,anomaly_transformer,exponential,random
0.25,0.0,0.0,0.25,0.5,146,COVID-19,USOIL,anomaly_transformer,exponential,constant
0.18438027772565208,0.018605107170613304,0.08303979125896933,0.25,0.5,146,COVID-19,GOLD,anomaly_transformer,exponential,model
0.3417268718333646,0.10146528821056539,0.008741030658838876,0.25,0.5,146,COVID-19,GOLD,anomaly_transformer,exponential,random
0.25,0.0,0.0,0.25,0.5,146,COVID-19,GOLD,anomaly_transformer,exponential,constant
0.2394931613573407,0.02912797814307236,0.0374365189289012,0.24982686980609414,0.4868421052631579,152,COVID-19,EURUSD,anomaly_transformer,exponential,model
0.33151185941828254,0.08779602985129027,0.007721606648199447,0.24982686980609414,0.4868421052631579,152,COVID-19,EURUSD,anomaly_transformer,exponential,random
0.24982686980609417,0.0,0.0,0.24982686980609414,0.4868421052631579,152,COVID-19,EURUSD,anomaly_transformer,exponential,constant
0.35786498404954026,0.12361542805633298,0.017286366601435094,0.25,0.5,146,COVID-19,USOIL,autoencoder,exponential,model
0.3133913492212423,0.07067687977156588,0.010697977821265489,0.25,0.5,146,COVID-19,USOIL,autoencoder,exponential,random
0.25,0.0,0.0,0.25,0.5,146,COVID-19,USOIL,autoencoder,exponential,constant
0.19207402889848002,0.03287652412546054,0.09050880626223091,0.25,0.5,146,COVID-19,GOLD,autoencoder,exponential,model
0.3109518671420529,0.07464170833763292,0.014709719504240052,0.25,0.5,146,COVID-19,GOLD,autoencoder,exponential,random
0.25,0.0,0.0,0.25,0.5,146,COVID-19,GOLD,autoencoder,exponential,constant
0.2559405297783934,0.048574827173543285,0.0371898084025854,0.24982686980609414,0.4868421052631579,152,COVID-19,EURUSD,autoencoder,exponential,model
0.3592992555401662,0.12485454785683042,0.01578081717451523,0.24982686980609414,0.4868421052631579,152,COVID-19,EURUSD,autoencoder,exponential,random
0.24982686980609417,0.0,0.0,0.24982686980609414,0.4868421052631579,152,COVID-19,EURUSD,autoencoder,exponential,constant
0.4027139238130982,0.2339675891872518,0.07847358121330725,0.25,0.5,146,COVID-19,USOIL,cnn_autoencoder,exponential,model
0.3094506474010133,0.06471221205047105,0.004827136333985648,0.25,0.5,146,COVID-19,USOIL,cnn_autoencoder,exponential,random
0.25,0.0,0.0,0.25,0.5,146,COVID-19,USOIL,cnn_autoencoder,exponential,constant
0.21449849878025895,0.043680838345049676,0.07677756033920416,0.25,0.5,146,COVID-19,GOLD,cnn_autoencoder,exponential,model
0.3044778570088197,0.05715071118816328,0.005381604696673188,0.25,0.5,146,COVID-19,GOLD,cnn_autoencoder,exponential,random
0.25,0.0,0.0,0.25,0.5,146,COVID-19,GOLD,cnn_autoencoder,exponential,constant
0.2868442693905817,0.06610714480973903,0.03083015927977839,0.24982686980609414,0.4868421052631579,152,COVID-19,EURUSD,cnn_autoencoder,exponential,model
0.29619329986149584,0.057760826711862744,0.012052746999076637,0.24982686980609414,0.4868421052631579,152,COVID-19,EURUSD,cnn_autoencoder,exponential,random
0.24982686980609417,0.0,0.0,0.24982686980609414,0.4868421052631579,152,COVID-19,EURUSD,cnn_autoencoder,exponential,constant
0.1417831675736536,0.01534263498338976,0.12237442922374432,0.25,0.5,146,COVID-19,USOIL,dagmm,exponential,model
0.3245566710452243,0.0870446428647934,0.012100456621004566,0.25,0.5,146,COVID-19,USOIL,dagmm,exponential,random
0.25,0.0,0.0,0.25,0.5,146,COVID-19,USOIL,dagmm,exponential,constant
0.37381544379808596,0.18150978865288908,0.05580560991519895,0.25,0.5,146,COVID-19,GOLD,dagmm,exponential,model
0.3480132294989679,0.10791427801478133,0.009654272667971293,0.25,0.5,146,COVID-19,GOLD,dagmm,exponential,random
0.25,0.0,0.0,0.25,0.5,146,COVID-19,GOLD,dagmm,exponential,constant
0.40136989265927986,0.17506951784759686,0.02907577331486611,0.24982686980609414,0.4868421052631579,152,COVID-19,EURUSD,dagmm,exponential,model
0.3353207236842105,0.09172464250133645,0.009009983841181901,0.24982686980609414,0.4868421052631579,152,COVID-19,EURUSD,dagmm,exponential,random
0.24982686980609417,0.0,0.0,0.24982686980609414,0.4868421052631579,152,COVID-19,EURUSD,dagmm,exponential,constant
0.35186010508538185,0.1196005588322312,0.018525766470971945,0.25,0.5,146,COVID-19,USOIL,deep_svdd,exponential,model
0.30053715518859075,0.06729824177104758,0.01562296151337247,0.25,0.5,146,COVID-19,USOIL,deep_svdd,exponential,random
0.25,0.0,0.0,0.25,0.5,146,COVID-19,USOIL,deep_svdd,exponential,constant
0.20811831488084068,0.028416650478122092,0.06836268754076974,0.25,0.5,146,COVID-19,GOLD,deep_svdd,exponential,model
0.31977153312066053,0.08692400913560269,0.01601435094585779,0.25,0.5,146,COVID-19,GOLD,deep_svdd,exponential,random
0.25,0.0,0.0,0.25,0.5,146,COVID-19,GOLD,deep_svdd,exponential,constant
0.2746385907202216,0.049827135576128674,0.023812615420129263,0.24982686980609414,0.4868421052631579,152,COVID-19,EURUSD,deep_svdd,exponential,model
0.2925575657894737,0.0635794439787141,0.022935422437673124,0.24982686980609414,0.4868421052631579,152,COVID-19,EURUSD,deep_svdd,exponential,random
0.24982686980609417,0.0,0.0,0.24982686980609414,0.4868421052631579,152,COVID-19,EURUSD,deep_svdd,exponential,constant
0.19235550759992495,0.03775548828383922,0.0939334637964775,0.25,0.5,146,COVID-19,USOIL,hybrid2,arccosh,model
0.3325319009194971,0.10278332339987101,0.01836268754076973,0.25,0.5,146,COVID-19,USOIL,hybrid2,arccosh,random
0.25,0.0,0.0,0.25,0.5,146,COVID-19,USOIL,hybrid2,arccosh,constant
0.23870566710452243,0.033030220432281265,0.0482061317677756,0.25,0.5,146,COVID-19,GOLD,hybrid2,arccosh,model
0.3796326702946144,0.1449792147044131,0.013926940639269405,0.25,0.5,146,COVID-19,GOLD,hybrid2,arccosh,random
0.25,0.0,0.0,0.25,0.5,146,COVID-19,GOLD,hybrid2,arccosh,constant
0.28493983725761773,0.05790221637021918,0.026910203139427515,0.24982686980609414,0.4868421052631579,152,COVID-19,EURUSD,hybrid2,arccosh,model
0.30865867382271467,0.07753950861398647,0.019755597876269616,0.24982686980609414,0.4868421052631579,152,COVID-19,EURUSD,hybrid2,arccosh,random
0.24982686980609417,0.0,0.0,0.24982686980609414,0.4868421052631579,152,COVID-19,EURUSD,hybrid2,arccosh,constant
0.22547616813661098,0.08065999104947916,0.10521852576647098,0.25,0.5,146,COVID-19,USOIL,hybrid2,arctan,model
0.336566428973541,0.11457236628292777,0.025929549902152644,0.25,0.5,146,COVID-19,USOIL,hybrid2,arctan,random
0.25,0.0,0.0,0.25,0.5,146,COVID-19,USOIL,hybrid2,arctan,constant
0.2195651154062676,0.052756962696084916,0.0776908023483366,0.25,0.5,146,COVID-19,GOLD,hybrid2,arctan,model
0.34942062300619253,0.1087756921995207,0.011969993476842791,0.25,0.5,146,COVID-19,GOLD,hybrid2,arctan,random
0.25,0.0,0.0,0.25,0.5,146,COVID-19,GOLD,hybrid2,arctan,constant
0.33151185941828254,0.10398947398794771,0.02131809787626962,0.24982686980609414,0.4868421052631579,152,COVID-19,EURUSD,hybrid2,arctan,model
0.33592667936288084,0.1034989384385479,0.016932132963988916,0.24982686980609414,0.4868421052631579,152,COVID-19,EURUSD,hybrid2,arctan,random
0.24982686980609417,0.0,0.0,0.24982686980609414,0.4868421052631579,152,COVID-19,EURUSD,hybrid2,arctan,constant
0.21834537436667292,0.051975970997472636,0.0807566862361383,0.25,0.5,146,COVID-19,USOIL,hybrid2,cosine,model
0.36143038093450924,0.12818789318424934,0.014774951076320942,0.25,0.5,146,COVID-19,USOIL,hybrid2,cosine,random
0.25,0.0,0.0,0.25,0.5,146,COVID-19,USOIL,hybrid2,cosine,constant
0.16186198161005816,0.0290752212811853,0.11673189823874754,0.25,0.5,146,COVID-19,GOLD,hybrid2,cosine,model
0.2640387502345656,0.03781446477366579,0.018884540117416828,0.25,0.5,146,COVID-19,GOLD,hybrid2,cosine,random
0.25,0.0,0.0,0.25,0.5,146,COVID-19,GOLD,hybrid2,cosine,constant
0.2595762638504155,0.044822230220634696,0.03200888734995383,0.24982686980609414,0.4868421052631579,152,COVID-19,EURUSD,hybrid2,cosine,model
0.3137660145429363,0.07826665542839091,0.014163492613111724,0.24982686980609414,0.4868421052631579,152,COVID-19,EURUSD,hybrid2,cosine,random
0.24982686980609417,0.0,0.0,0.24982686980609414,0.4868421052631579,152,COVID-19,EURUSD,hybrid2,cosine,constant
0.4718638581347345,0.31112670954397026,0.08995433789954338,0.25,0.5,146,COVID-19,USOIL,hybrid2,exponential,model
0.3301862450741227,0.10141524755253076,0.02084148727984344,0.25,0.5,146,COVID-19,USOIL,hybrid2,exponential,random
0.25,0.0,0.0,0.25,0.5,146,COVID-19,USOIL,hybrid2,exponential,constant
0.20586648526928125,0.02699138530731366,0.07097195042400523,0.25,0.5,146,COVID-19,GOLD,hybrid2,exponential,model
0.3147987427284668,0.0921050044085477,0.02945205479452055,0.25,0.5,146,COVID-19,GOLD,hybrid2,exponential,random
0.25,0.0,0.0,0.25,0.5,146,COVID-19,GOLD,hybrid2,exponential,constant
0.3052826350415513,0.09007557740438357,0.03129616805170821,0.24982686980609414,0.4868421052631579,152,COVID-19,EURUSD,hybrid2,exponential,model
0.33999523891966765,0.09830358986975747,0.0090099838411819,0.24982686980609414,0.4868421052631579,152,COVID-19,EURUSD,hybrid2,exponential,random
0.24982686980609417,0.0,0.0,0.24982686980609414,0.4868421052631579,152,COVID-19,EURUSD,hybrid2,exponential,constant
0.14009429536498402,0.009519153404606993,0.11917808219178082,0.25,0.5,146,COVID-19,USOIL,isolation_forest,exponential,model
0.3762549258772753,0.14608815142978818,0.021885192433137635,0.25,0.5,146,COVID-19,USOIL,isolation_forest,exponential,random
0.25,0.0,0.0,0.25,0.5,146,COVID-19,USOIL,isolation_forest,exponential,constant
0.19535794708200416,0.012496572557668863,0.0687214611872146,0.25,0.5,146,COVID-19,GOLD,isolation_forest,exponential,model
0.2928434040157628,0.056185641354637814,0.012720156555772993,0.25,0.5,146,COVID-19,GOLD,isolation_forest,exponential,random
0.25,0.0,0.0,0.25,0.5,146,COVID-19,GOLD,isolation_forest,exponential,constant
0.29056656855955676,0.05375719097779071,0.013286299630655585,0.24982686980609414,0.4868421052631579,152,COVID-19,EURUSD,isolation_forest,exponential,model
0.3495173995844875,0.11121333132866791,0.011531913665743304,0.24982686980609414,0.4868421052631579,152,COVID-19,EURUSD,isolation_forest,exponential,random
0.24982686980609417,0.0,0.0,0.24982686980609414,0.4868421052631579,152,COVID-19,EURUSD,isolation_forest,exponential,constant
0.21637502345655846,0.07031408500081462,0.10613176777560339,0.25,0.5,146,COVID-19,USOIL,omnianomaly,exponential,model
0.3427589604053293,0.10327836848114239,0.009099804305283754,0.25,0.5,146,COVID-19,USOIL,omnianomaly,exponential,random
0.25,0.0,0.0,0.25,0.5,146,COVID-19,USOIL,omnianomaly,exponential,constant
0.232794614374179,0.03788416426164262,0.05596868884540118,0.25,0.5,146,COVID-19,GOLD,omnianomaly,exponential,model
0.35842794145243007,0.13783144285407042,0.028734507501630792,0.25,0.5,146,COVID-19,GOLD,omnianomaly,exponential,random
0.25,0.0,0.0,0.25,0.5,146,COVID-19,GOLD,omnianomaly,exponential,constant
0.3464876211911358,0.16100990335082857,0.05964046629732226,0.24982686980609414,0.4868421052631579,152,COVID-19,EURUSD,omnianomaly,exponential,model
0.3182673995844876,0.07531911387714438,0.008489150507848564,0.24982686980609414,0.4868421052631579,152,COVID-19,EURUSD,omnianomaly,exponential,random
0.24982686980609417,0.0,0.0,0.24982686980609414,0.4868421052631579,152,COVID-19,EURUSD,omnianomaly,exponential,constant
0.3278405892287483,0.1522351101194378,0.07442922374429223,0.25,0.5,146,COVID-19,USOIL,one_class_svm,exponential,model
0.32042831675736533,0.07392862896063913,0.0030658838878016947,0.25,0.5,146,COVID-19,USOIL,one_class_svm,exponential,random
0.25,0.0,0.0,0.25,0.5,146,COVID-19,USOIL,one_class_svm,exponential,constant
0.1788445299305686,0.015138898018534389,0.08773646444879322,0.25,0.5,146,COVID-19,GOLD,one_class_svm,exponential,model
0.32258632013510974,0.09194237226993508,0.0182648401826484,0.25,0.5,146,COVID-19,GOLD,one_class_svm,exponential,random
0.25,0.0,0.0,0.25,0.5,146,COVID-19,GOLD,one_class_svm,exponential,constant
0.3539322195290859,0.1248978304053069,0.01989265927977839,0.24982686980609414,0.4868421052631579,152,COVID-19,EURUSD,one_class_svm,exponential,model
0.34977709487534625,0.12615446706273994,0.02370296629732225,0.24982686980609414,0.4868421052631579,152,COVID-19,EURUSD,one_class_svm,exponential,random
0.24982686980609417,0.0,0.0,0.24982686980609414,0.4868421052631579,152,COVID-19,EURUSD,one_class_svm,exponential,constant
0.19235550759992495,0.03775548828383922,0.0939334637964775,0.25,0.5,146,COVID-19,USOIL,standalone_fanogan,arccosh,model
0.33281337962094204,0.10126601916160596,0.01797129810828441,0.25,0.5,146,COVID-19,USOIL,standalone_fanogan,arccosh,random
0.25,0.0,0.0,0.25,0.5,146,COVID-19,USOIL,standalone_fanogan,arccosh,constant
0.23870566710452243,0.033030220432281265,0.0482061317677756,0.25,0.5,146,COVID-19,GOLD,standalone_fanogan,arccosh,model
0.36114890223306434,0.1250737558047714,0.017384213959556423,0.25,0.5,146,COVID-19,GOLD,standalone_fanogan,arccosh,random
0.25,0.0,0.0,0.25,0.5,146,COVID-19,GOLD,standalone_fanogan,arccosh,constant
0.28493983725761773,0.05790221637021918,0.026910203139427515,0.24982686980609414,0.4868421052631579,152,COVID-19,EURUSD,standalone_fanogan,arccosh,model
0.3547978704986149,0.11919463326772609,0.019426650507848562,0.24982686980609414,0.4868421052631579,152,COVID-19,EURUSD,standalone_fanogan,arccosh,random
0.24982686980609417,0.0,0.0,0.24982686980609414,0.4868421052631579,152,COVID-19,EURUSD,standalone_fanogan,arccosh,constant
0.22547616813661098,0.08065999104947916,0.10521852576647098,0.25,0.5,146,COVID-19,USOIL,standalone_fanogan,arctan,model
0.3784129292550197,0.1560578589600136,0.02932159165035877,0.25,0.5,146,COVID-19,USOIL,standalone_fanogan,arctan,random
0.25,0.0,0.0,0.25,0.5,146,COVID-19,USOIL,standalone_fanogan,arctan,constant
0.2195651154062676,0.052756962696084916,0.0776908023483366,0.25,0.5,146,COVID-19,GOLD,standalone_fanogan,arctan,model
0.332719553387127,0.08442108265069086,0.00952380952380952,0.25,0.5,146,COVID-19,GOLD,standalone_fanogan,arctan,random
0.25,0.0,0.0,0.25,0.5,146,COVID-19,GOLD,standalone_fanogan,arctan,constant
0.33151185941828254,0.10398947398794771,0.02131809787626962,0.24982686980609414,0.4868421052631579,152,COVID-19,EURUSD,standalone_fanogan,arctan,model
0.31688235803324105,0.077008576019342,0.009009983841181901,0.24982686980609414,0.4868421052631579,152,COVID-19,EURUSD,standalone_fanogan,arctan,random
0.24982686980609417,0.0,0.0,0.24982686980609414,0.4868421052631579,152,COVID-19,EURUSD,standalone_fanogan,arctan,constant
0.21834537436667292,0.051975970997472636,0.0807566862361383,0.25,0.5,146,COVID-19,USOIL,standalone_fanogan,cosine,model
0.3416330455995496,0.09712247395970085,0.005805609915198955,0.25,0.5,146,COVID-19,USOIL,standalone_fanogan,cosine,random
0.25,0.0,0.0,0.25,0.5,146,COVID-19,USOIL,standalone_fanogan,cosine,constant
0.16186198161005816,0.0290752212811853,0.11673189823874754,0.25,0.5,146,COVID-19,GOLD,standalone_fanogan,cosine,model
0.31892709701632577,0.08215763645780202,0.015329419439008481,0.25,0.5,146,COVID-19,GOLD,standalone_fanogan,cosine,random
0.25,0.0,0.0,0.25,0.5,146,COVID-19,GOLD,standalone_fanogan,cosine,constant
0.2595762638504155,0.044822230220634696,0.03200888734995383,0.24982686980609414,0.4868421052631579,152,COVID-19,EURUSD,standalone_fanogan,cosine,model
0.3257985630193906,0.09503864296301696,0.020331255771006463,0.24982686980609414,0.4868421052631579,152,COVID-19,EURUSD,standalone_fanogan,cosine,random
0.24982686980609417,0.0,0.0,0.24982686980609414,0.4868421052631579,152,COVID-19,EURUSD,standalone_fanogan,cosine,constant
0.4718638581347345,0.31112670954397026,0.08995433789954338,0.25,0.5,146,COVID-19,USOIL,standalone_fanogan,exponential,model
0.3363787765059111,0.09404318632421131,0.008121330724070449,0.25,0.5,146,COVID-19,USOIL,standalone_fanogan,exponential,random
0.25,0.0,0.0,0.25,0.5,146,COVID-19,USOIL,standalone_fanogan,exponential,constant
0.20586648526928125,0.02699138530731366,0.07097195042400523,0.25,0.5,146,COVID-19,GOLD,standalone_fanogan,exponential,model
0.34482313754925875,0.10660964657316359,0.015198956294846704,0.25,0.5,146,COVID-19,GOLD,standalone_fanogan,exponential,random
0.25,0.0,0.0,0.25,0.5,146,COVID-19,GOLD,standalone_fanogan,exponential,constant
0.3052826350415513,0.09007557740438357,0.03129616805170821,0.24982686980609414,0.4868421052631579,152,COVID-19,EURUSD,standalone_fanogan,exponential,model
0.37765105609418287,0.14020109679496526,0.01394419436749769,0.24982686980609414,0.4868421052631579,152,COVID-19,EURUSD,standalone_fanogan,exponential,random
0.24982686980609417,0.0,0.0,0.24982686980609414,0.4868421052631579,152,COVID-19,EURUSD,standalone_fanogan,exponential,constant
0.3851684180896979,0.20630136037634295,0.07116764514024787,0.25,0.5,146,COVID-19,USOIL,tranad,exponential,model
0.3091691686995684,0.07899881991936451,0.017612524461839522,0.25,0.5,146,COVID-19,USOIL,tranad,exponential,random
0.25,0.0,0.0,0.25,0.5,146,COVID-19,USOIL,tranad,exponential,constant
0.17678035278663914,0.030561250108178655,0.10456621004566209,0.25,0.5,146,COVID-19,GOLD,tranad,exponential,model
0.3315936385813473,0.0997004614316647,0.016405740378343116,0.25,0.5,146,COVID-19,GOLD,tranad,exponential,random
0.25,0.0,0.0,0.25,0.5,146,COVID-19,GOLD,tranad,exponential,constant
0.23828125,0.03650188165184429,0.04727752770083103,0.24982686980609414,0.4868421052631579,152,COVID-19,EURUSD,tranad,exponential,model
0.3143719702216067,0.07282892458813238,0.0059123961218836545,0.24982686980609414,0.4868421052631579,152,COVID-19,EURUSD,tranad,exponential,random
0.24982686980609417,0.0,0.0,0.24982686980609414,0.4868421052631579,152,COVID-19,EURUSD,tranad,exponential,constant
0.5488013698630136,0.4514970104134266,0.1547945205479452,0.25,0.5,146,COVID-19,USOIL,usad,exponential,model
0.3135790016888722,0.08055454823433472,0.015133724722765817,0.25,0.5,146,COVID-19,USOIL,usad,exponential,random
0.25,0.0,0.0,0.25,0.5,146,COVID-19,USOIL,usad,exponential,constant
0.33103068117845746,0.10999632682229457,0.03101761252446183,0.25,0.5,146,COVID-19,GOLD,usad,exponential,model
0.347637924563708,0.10454010793015901,0.010502283105022827,0.25,0.5,146,COVID-19,GOLD,usad,exponential,random
0.25,0.0,0.0,0.25,0.5,146,COVID-19,GOLD,usad,exponential,constant
0.3657916378116344,0.15034508340623026,0.03200888734995383,0.24982686980609414,0.4868421052631579,152,COVID-19,EURUSD,usad,exponential,model
0.3539322195290858,0.11885991489284153,0.021948580332409973,0.24982686980609414,0.4868421052631579,152,COVID-19,EURUSD,usad,exponential,random
0.24982686980609417,0.0,0.0,0.24982686980609414,0.4868421052631579,152,COVID-19,EURUSD,usad,exponential,constant
0.1938567273409645,0.0341445186567315,0.0916829745596869,0.25,0.5,146,COVID-19,USOIL,vae,exponential,model
0.28965331206605366,0.04979294729071088,0.013176777560339203,0.25,0.5,146,COVID-19,USOIL,vae,exponential,random
0.25,0.0,0.0,0.25,0.5,146,COVID-19,USOIL,vae,exponential,constant
0.16242493901294802,0.004491854438482738,0.09083496412263536,0.25,0.5,146,COVID-19,GOLD,vae,exponential,model
0.3581464627509852,0.12288447701575536,0.015101108936725373,0.25,0.5,146,COVID-19,GOLD,vae,exponential,random
0.25,0.0,0.0,0.25,0.5,146,COVID-19,GOLD,vae,exponential,constant
0.26087474030470914,0.03977837057151188,0.026965027700831014,0.24982686980609414,0.4868421052631579,152,COVID-19,EURUSD,vae,exponential,model
0.35419191481994455,0.13037451553919424,0.026581255771006458,0.24982686980609414,0.4868421052631579,152,COVID-19,EURUSD,vae,exponential,random
0.24982686980609417,0.0,0.0,0.24982686980609414,0.4868421052631579,152,COVID-19,EURUSD,vae,exponential,constant
0.14695999999999998,0.04606358974358975,0.14934358974358977,0.2496,0.52,125,Russia-Ukraine,USOIL,anomaly_transformer,exponential,model
0.390928,0.17577353846153843,0.034061538461538456,0.2496,0.52,125,Russia-Ukraine,USOIL,anomaly_transformer,exponential,random
0.24959999999999993,1.232595164407831e-32,0.0,0.2496,0.52,125,Russia-Ukraine,USOIL,anomaly_transformer,exponential,constant
0.26126399999999994,0.0709657435897436,0.057189743589743595,0.2496,0.52,125,Russia-Ukraine,GOLD,anomaly_transformer,exponential,model
0.33000000000000007,0.10615302564102566,0.025241025641025636,0.2496,0.52,125,Russia-Ukraine,GOLD,anomaly_transformer,exponential,random
0.24959999999999993,1.232595164407831e-32,0.0,0.2496,0.52,125,Russia-Ukraine,GOLD,anomaly_transformer,exponential,constant
0.32563609467455623,0.09202662721893487,0.015621301775147927,0.24994082840236687,0.5076923076923077,130,Russia-Ukraine,EURUSD,anomaly_transformer,exponential,model
0.33557692307692305,0.10090236686390529,0.016804733727810654,0.24994082840236687,0.5076923076923077,130,Russia-Ukraine,EURUSD,anomaly_transformer,exponential,random
0.2499408284023669,0.0,0.0,0.24994082840236687,0.5076923076923077,130,Russia-Ukraine,EURUSD,anomaly_transformer,exponential,constant
0.162832,0.021609435897435893,0.1054974358974359,0.2496,0.52,125,Russia-Ukraine,USOIL,autoencoder,exponential,model
0.31041599999999997,0.0777788717948718,0.019394871794871798,0.2496,0.52,125,Russia-Ukraine,USOIL,autoencoder,exponential,random
0.24959999999999993,1.232595164407831e-32,0.0,0.2496,0.52,125,Russia-Ukraine,USOIL,autoencoder,exponential,constant
0.37953600000000004,0.1655868717948718,0.035394871794871795,0.2496,0.52,125,Russia-Ukraine,GOLD,autoencoder,exponential,model
0.3748,0.15533702564102564,0.02924102564102564,0.2496,0.52,125,Russia-Ukraine,GOLD,autoencoder,exponential,random
0.24959999999999993,1.232595164407831e-32,0.0,0.2496,0.52,125,Russia-Ukraine,GOLD,autoencoder,exponential,constant
0.3839792899408284,0.1966420118343195,0.06177514792899407,0.24994082840236687,0.5076923076923077,130,Russia-Ukraine,EURUSD,autoencoder,exponential,model
0.36563609467455616,0.13960059171597627,0.026272189349112424,0.24994082840236687,0.5076923076923077,130,Russia-Ukraine,EURUSD,autoencoder,exponential,random
0.2499408284023669,0.0,0.0,0.24994082840236687,0.5076923076923077,130,Russia-Ukraine,EURUSD,autoencoder,exponential,constant
0.22632000000000002,0.04439466666666667,0.06626666666666668,0.2496,0.52,125,Russia-Ukraine,USOIL,cnn_autoencoder,exponential,model
0.31771200000000005,0.07987076923076922,0.006830769230769231,0.2496,0.52,125,Russia-Ukraine,USOIL,cnn_autoencoder,exponential,random
0.24959999999999993,1.232595164407831e-32,0.0,0.2496,0.52,125,Russia-Ukraine,USOIL,cnn_autoencoder,exponential,constant
0.41499199999999997,0.23030235897435897,0.06657435897435897,0.2496,0.52,125,Russia-Ukraine,GOLD,cnn_autoencoder,exponential,model
0.282896,0.05207630769230768,0.01929230769230769,0.2496,0.52,125,Russia-Ukraine,GOLD,cnn_autoencoder,exponential,random
0.24959999999999993,1.232595164407831e-32,0.0,0.2496,0.52,125,Russia-Ukraine,GOLD,cnn_autoencoder,exponential,constant
0.4167603550295858,0.20007396449704137,0.029822485207100596,0.24994082840236687,0.5076923076923077,130,Russia-Ukraine,EURUSD,cnn_autoencoder,exponential,model
0.3616124260355029,0.12622781065088756,0.014437869822485211,0.24994082840236687,0.5076923076923077,130,Russia-Ukraine,EURUSD,cnn_autoencoder,exponential,random
0.2499408284023669,0.0,0.0,0.24994082840236687,0.5076923076923077,130,Russia-Ukraine,EURUSD,cnn_autoencoder,exponential,constant
0.20135999999999998,0.028962871794871795,0.0773948717948718,0.2496,0.52,125,Russia-Ukraine,USOIL,dagmm,exponential,model
0.303632,0.07406851282051281,0.02042051282051282,0.2496,0.52,125,Russia-Ukraine,USOIL,dagmm,exponential,random
0.24959999999999993,1.232595164407831e-32,0.0,0.2496,0.52,125,Russia-Ukraine,USOIL,dagmm,exponential,constant
0.26318400000000003,0.03653292307692308,0.024676923076923075,0.2496,0.52,125,Russia-Ukraine,GOLD,dagmm,exponential,model
0.31783999999999996,0.09693497435897437,0.03195897435897435,0.2496,0.52,125,Russia-Ukraine,GOLD,dagmm,exponential,random
0.24959999999999993,1.232595164407831e-32,0.0,0.2496,0.52,125,Russia-Ukraine,GOLD,dagmm,exponential,constant
0.34054733727810654,0.10823964497041413,0.017988165680473372,0.24994082840236687,0.5076923076923077,130,Russia-Ukraine,EURUSD,dagmm,exponential,model
0.3465828402366864,0.12149408284023666,0.025088757396449703,0.24994082840236687,0.5076923076923077,130,Russia-Ukraine,EURUSD,dagmm,exponential,random
0.2499408284023669,0.0,0.0,0.24994082840236687,0.5076923076923077,130,Russia-Ukraine,EURUSD,dagmm,exponential,constant
0.18612800000000002,0.00788389743589743,0.07103589743589746,0.2496,0.52,125,Russia-Ukraine,USOIL,deep_svdd,exponential,model
0.332048,0.09117620512820511,0.008728205128205128,0.2496,0.52,125,Russia-Ukraine,USOIL,deep_svdd,exponential,random
0.24959999999999993,1.232595164407831e-32,0.0,0.2496,0.52,125,Russia-Ukraine,USOIL,deep_svdd,exponential,constant
0.399888,0.1890945641025641,0.03970256410256411,0.2496,0.52,125,Russia-Ukraine,GOLD,deep_svdd,exponential,model
0.31400000000000006,0.09639425641025641,0.030010256410256418,0.2496,0.52,125,Russia-Ukraine,GOLD,deep_svdd,exponential,random
0.24959999999999993,1.232595164407831e-32,0.0,0.2496,0.52,125,Russia-Ukraine,GOLD,deep_svdd,exponential,constant
0.3930917159763313,0.15392011834319522,0.014437869822485206,0.24994082840236687,0.5076923076923077,130,Russia-Ukraine,EURUSD,deep_svdd,exponential,model
0.3091863905325444,0.06871301775147928,0.006153846153846152,0.24994082840236687,0.5076923076923077,130,Russia-Ukraine,EURUSD,deep_svdd,exponential,random
0.2499408284023669,0.0,0.0,0.24994082840236687,0.5076923076923077,130,Russia-Ukraine,EURUSD,deep_svdd,exponential,constant
0.16052800000000003,0.0564631794871795,0.1450871794871795,0.2496,0.52,125,Russia-Ukraine,USOIL,hybrid2,arccosh,model
0.3171999999999999,0.08352205128205126,0.016882051282051284,0.2496,0.52,125,Russia-Ukraine,USOIL,hybrid2,arccosh,random
0.24959999999999993,1.232595164407831e-32,0.0,0.2496,0.52,125,Russia-Ukraine,USOIL,hybrid2,arccosh,constant
0.359568,0.1260377435897436,0.013189743589743588,0.2496,0.52,125,Russia-Ukraine,GOLD,hybrid2,arccosh,model
0.35060800000000003,0.10886810256410254,0.010164102564102565,0.2496,0.52,125,Russia-Ukraine,GOLD,hybrid2,arccosh,random
0.24959999999999993,1.232595164407831e-32,0.0,0.2496,0.52,125,Russia-Ukraine,GOLD,hybrid2,arccosh,constant
0.3797189349112426,0.15344674556213017,0.026272189349112428,0.24994082840236687,0.5076923076923077,130,Russia-Ukraine,EURUSD,hybrid2,arccosh,model
0.32599112426035504,0.0974704142011834,0.017988165680473372,0.24994082840236687,0.5076923076923077,130,Russia-Ukraine,EURUSD,hybrid2,arccosh,random
0.2499408284023669,0.0,0.0,0.24994082840236687,0.5076923076923077,130,Russia-Ukraine,EURUSD,hybrid2,arccosh,constant
0.192912,0.018004102564102568,0.07616410256410257,0.2496,0.52,125,Russia-Ukraine,USOIL,hybrid2,arctan,model
0.32539199999999996,0.09981661538461538,0.02498461538461538,0.2496,0.52,125,Russia-Ukraine,USOIL,hybrid2,arctan,random
0.24959999999999993,1.232595164407831e-32,0.0,0.2496,0.52,125,Russia-Ukraine,USOIL,hybrid2,arctan,constant
0.408336,0.2289813333333334,0.07293333333333334,0.2496,0.52,125,Russia-Ukraine,GOLD,hybrid2,arctan,model
0.34766400000000003,0.11762502564102563,0.019241025641025637,0.2496,0.52,125,Russia-Ukraine,GOLD,hybrid2,arctan,random
0.24959999999999993,1.232595164407831e-32,0.0,0.2496,0.52,125,Russia-Ukraine,GOLD,hybrid2,arctan,constant
0.3959319526627219,0.18658284023668634,0.04402366863905326,0.24994082840236687,0.5076923076923077,130,Russia-Ukraine,EURUSD,hybrid2,arctan,model
0.3274112426035503,0.08847633136094675,0.012071005917159766,0.24994082840236687,0.5076923076923077,130,Russia-Ukraine,EURUSD,hybrid2,arctan,random
0.2499408284023669,0.0,0.0,0.24994082840236687,0.5076923076923077,130,Russia-Ukraine,EURUSD,hybrid2,arctan,constant
0.16859200000000002,0.01721189743589743,0.10103589743589746,0.2496,0.52,125,Russia-Ukraine,USOIL,hybrid2,cosine,model
0.35713599999999995,0.11544533333333334,0.008933333333333333,0.2496,0.52,125,Russia-Ukraine,USOIL,hybrid2,cosine,random
0.24959999999999993,1.232595164407831e-32,0.0,0.2496,0.52,125,Russia-Ukraine,USOIL,hybrid2,cosine,constant
0.3673759999999999,0.14602502564102565,0.033241025641025636,0.2496,0.52,125,Russia-Ukraine,GOLD,hybrid2,cosine,model
0.303376,0.06363733333333331,0.012933333333333335,0.2496,0.52,125,Russia-Ukraine,GOLD,hybrid2,cosine,random
0.24959999999999993,1.232595164407831e-32,0.0,0.2496,0.52,125,Russia-Ukraine,GOLD,hybrid2,cosine,constant
0.3642159763313609,0.14350591715976332,0.028639053254437875,0.24994082840236687,0.5076923076923077,130,Russia-Ukraine,EURUSD,hybrid2,cosine,model
0.3319082840236686,0.11036982248520708,0.02627218934911242,0.24994082840236687,0.5076923076923077,130,Russia-Ukraine,EURUSD,hybrid2,cosine,random
0.2499408284023669,0.0,0.0,0.24994082840236687,0.5076923076923077,130,Russia-Ukraine,EURUSD,hybrid2,cosine,constant
0.174864,0.0350916923076923,0.10790769230769232,0.2496,0.52,125,Russia-Ukraine,USOIL,hybrid2,exponential,model
0.3136160000000002,0.09420184615384616,0.03575384615384616,0.2496,0.52,125,Russia-Ukraine,USOIL,hybrid2,exponential,random
0.24959999999999993,1.232595164407831e-32,0.0,0.2496,0.52,125,Russia-Ukraine,USOIL,hybrid2,exponential,constant
0.34279999999999994,0.10403282051282048,0.012112820512820517,0.2496,0.52,125,Russia-Ukraine,GOLD,hybrid2,exponential,model
0.34471999999999997,0.12457805128205131,0.02888205128205128,0.2496,0.52,125,Russia-Ukraine,GOLD,hybrid2,exponential,random
0.24959999999999993,1.232595164407831e-32,0.0,0.2496,0.52,125,Russia-Ukraine,GOLD,hybrid2,exponential,constant
0.3756952662721893,0.1657544378698225,0.041656804733727806,0.24994082840236687,0.5076923076923077,130,Russia-Ukraine,EURUSD,hybrid2,exponential,model
0.35557692307692307,0.10989644970414199,0.0073372781065088755,0.24994082840236687,0.5076923076923077,130,Russia-Ukraine,EURUSD,hybrid2,exponential,random
0.2499408284023669,0.0,0.0,0.24994082840236687,0.5076923076923077,130,Russia-Ukraine,EURUSD,hybrid2,exponential,constant
0.157584,0.05535015384615385,0.14544615384615386,0.2496,0.52,125,Russia-Ukraine,USOIL,isolation_forest,exponential,model
0.38222400000000006,0.14842215384615384,0.019446153846153846,0.2496,0.52,125,Russia-Ukraine,USOIL,isolation_forest,exponential,random
0.24959999999999993,1.232595164407831e-32,0.0,0.2496,0.52,125,Russia-Ukraine,USOIL,isolation_forest,exponential,constant
0.25448,0.06620430769230769,0.05729230769230769,0.2496,0.52,125,Russia-Ukraine,GOLD,isolation_forest,exponential,model
0.30696,0.07146297435897435,0.015958974358974358,0.2496,0.52,125,Russia-Ukraine,GOLD,isolation_forest,exponential,random
0.24959999999999993,1.232595164407831e-32,0.0,0.2496,0.52,125,Russia-Ukraine,GOLD,isolation_forest,exponential,constant
0.35545857988165686,0.1288313609467455,0.026272189349112424,0.24994082840236687,0.5076923076923077,130,Russia-Ukraine,EURUSD,isolation_forest,exponential,model
0.35226331360946744,0.11309171597633133,0.012071005917159762,0.24994082840236687,0.5076923076923077,130,Russia-Ukraine,EURUSD,isolation_forest,exponential,random
0.2499408284023669,0.0,0.0,0.24994082840236687,0.5076923076923077,130,Russia-Ukraine,EURUSD,isolation_forest,exponential,constant
0.183824,0.04365497435897434,0.10795897435897436,0.2496,0.52,125,Russia-Ukraine,USOIL,omnianomaly,exponential,model
0.33230400000000004,0.10229620512820514,0.02272820512820513,0.2496,0.52,125,Russia-Ukraine,USOIL,omnianomaly,exponential,random
0.24959999999999993,1.232595164407831e-32,0.0,0.2496,0.52,125,Russia-Ukraine,USOIL,omnianomaly,exponential,constant
0.26343999999999995,0.05623794871794872,0.044317948717948724,0.2496,0.52,125,Russia-Ukraine,GOLD,omnianomaly,exponential,model
0.33640000000000003,0.09960697435897434,0.013958974358974358,0.2496,0.52,125,Russia-Ukraine,GOLD,omnianomaly,exponential,random
0.24959999999999993,1.232595164407831e-32,0.0,0.2496,0.52,125,Russia-Ukraine,GOLD,omnianomaly,exponential,constant
0.3281213017751479,0.11214497041420116,0.0357396449704142,0.24994082840236687,0.5076923076923077,130,Russia-Ukraine,EURUSD,omnianomaly,exponential,model
0.3391272189349112,0.1058727810650887,0.015621301775147924,0.24994082840236687,0.5076923076923077,130,Russia-Ukraine,EURUSD,omnianomaly,exponential,random
0.2499408284023669,0.0,0.0,0.24994082840236687,0.5076923076923077,130,Russia-Ukraine,EURUSD,omnianomaly,exponential,constant
0.16270400000000002,0.04295876923076923,0.12883076923076925,0.2496,0.52,125,Russia-Ukraine,USOIL,one_class_svm,exponential,model
0.375952,0.15841723076923078,0.03436923076923077,0.2496,0.52,125,Russia-Ukraine,USOIL,one_class_svm,exponential,random
0.24959999999999993,1.232595164407831e-32,0.0,0.2496,0.52,125,Russia-Ukraine,USOIL,one_class_svm,exponential,constant
0.35816,0.14761764102564104,0.03662564102564103,0.2496,0.52,125,Russia-Ukraine,GOLD,one_class_svm,exponential,model
0.317712,0.08769682051282049,0.018112820512820513,0.2496,0.52,125,Russia-Ukraine,GOLD,one_class_svm,exponential,random
0.24959999999999993,1.232595164407831e-32,0.0,0.2496,0.52,125,Russia-Ukraine,GOLD,one_class_svm,exponential,constant
0.34374260355029584,0.12042899408284022,0.02863905325443787,0.24994082840236687,0.5076923076923077,130,Russia-Ukraine,EURUSD,one_class_svm,exponential,model
0.36717455621301776,0.13948224852071003,0.021538461538461538,0.24994082840236687,0.5076923076923077,130,Russia-Ukraine,EURUSD,one_class_svm,exponential,random
0.2499408284023669,0.0,0.0,0.24994082840236687,0.5076923076923077,130,Russia-Ukraine,EURUSD,one_class_svm,exponential,constant
0.16052800000000003,0.0564631794871795,0.1450871794871795,0.2496,0.52,125,Russia-Ukraine,USOIL,standalone_fanogan,arccosh,model
0.34792,0.12920697435897438,0.03395897435897436,0.2496,0.52,125,Russia-Ukraine,USOIL,standalone_fanogan,arccosh,random
0.24959999999999993,1.232595164407831e-32,0.0,0.2496,0.52,125,Russia-Ukraine,USOIL,standalone_fanogan,arccosh,constant
0.359568,0.1260377435897436,0.013189743589743588,0.2496,0.52,125,Russia-Ukraine,GOLD,standalone_fanogan,arccosh,model
0.3521439999999999,0.1290707692307692,0.028830769230769233,0.2496,0.52,125,Russia-Ukraine,GOLD,standalone_fanogan,arccosh,random
0.24959999999999993,1.232595164407831e-32,0.0,0.2496,0.52,125,Russia-Ukraine,GOLD,standalone_fanogan,arccosh,constant
0.3797189349112426,0.15344674556213017,0.026272189349112428,0.24994082840236687,0.5076923076923077,130,Russia-Ukraine,EURUSD,standalone_fanogan,arccosh,model
0.2940384615384615,0.06800295857988162,0.02390532544378698,0.24994082840236687,0.5076923076923077,130,Russia-Ukraine,EURUSD,standalone_fanogan,arccosh,random
0.2499408284023669,0.0,0.0,0.24994082840236687,0.5076923076923077,130,Russia-Ukraine,EURUSD,standalone_fanogan,arccosh,constant
0.192912,0.018004102564102568,0.07616410256410257,0.2496,0.52,125,Russia-Ukraine,USOIL,standalone_fanogan,arctan,model
0.349712,0.10960656410256411,0.007702564102564102,0.2496,0.52,125,Russia-Ukraine,USOIL,standalone_fanogan,arctan,random
0.24959999999999993,1.232595164407831e-32,0.0,0.2496,0.52,125,Russia-Ukraine,USOIL,standalone_fanogan,arctan,constant
0.408336,0.2289813333333334,0.07293333333333334,0.2496,0.52,125,Russia-Ukraine,GOLD,standalone_fanogan,arctan,model
0.3256480000000001,0.08687138461538461,0.014215384615384616,0.2496,0.52,125,Russia-Ukraine,GOLD,standalone_fanogan,arctan,random
0.24959999999999993,1.232595164407831e-32,0.0,0.2496,0.52,125,Russia-Ukraine,GOLD,standalone_fanogan,arctan,constant
0.3959319526627219,0.18658284023668634,0.04402366863905326,0.24994082840236687,0.5076923076923077,130,Russia-Ukraine,EURUSD,standalone_fanogan,arctan,model
0.34587278106508873,0.10894970414201179,0.015621301775147927,0.24994082840236687,0.5076923076923077,130,Russia-Ukraine,EURUSD,standalone_fanogan,arctan,random
0.2499408284023669,0.0,0.0,0.24994082840236687,0.5076923076923077,130,Russia-Ukraine,EURUSD,standalone_fanogan,arctan,constant
0.16859200000000002,0.01721189743589743,0.10103589743589746,0.2496,0.52,125,Russia-Ukraine,USOIL,standalone_fanogan,cosine,model
0.365584,0.14043487179487177,0.027394871794871805,0.2496,0.52,125,Russia-Ukraine,USOIL,standalone_fanogan,cosine,random
0.24959999999999993,1.232595164407831e-32,0.0,0.2496,0.52,125,Russia-Ukraine,USOIL,standalone_fanogan,cosine,constant
0.3673759999999999,0.14602502564102565,0.033241025641025636,0.2496,0.52,125,Russia-Ukraine,GOLD,standalone_fanogan,cosine,model
0.2908319999999999,0.06063015384615385,0.021446153846153847,0.2496,0.52,125,Russia-Ukraine,GOLD,standalone_fanogan,cosine,random
0.24959999999999993,1.232595164407831e-32,0.0,0.2496,0.52,125,Russia-Ukraine,GOLD,standalone_fanogan,cosine,constant
0.3642159763313609,0.14350591715976332,0.028639053254437875,0.24994082840236687,0.5076923076923077,130,Russia-Ukraine,EURUSD,standalone_fanogan,cosine,model
0.3625591715976331,0.1294230769230769,0.01917159763313609,0.24994082840236687,0.5076923076923077,130,Russia-Ukraine,EURUSD,standalone_fanogan,cosine,random
0.2499408284023669,0.0,0.0,0.24994082840236687,0.5076923076923077,130,Russia-Ukraine,EURUSD,standalone_fanogan,cosine,constant
0.174864,0.0350916923076923,0.10790769230769232,0.2496,0.52,125,Russia-Ukraine,USOIL,standalone_fanogan,exponential,model
0.28750400000000004,0.07347610256410254,0.034164102564102565,0.2496,0.52,125,Russia-Ukraine,USOIL,standalone_fanogan,exponential,random
0.24959999999999993,1.232595164407831e-32,0.0,0.2496,0.52,125,Russia-Ukraine,USOIL,standalone_fanogan,exponential,constant
0.34279999999999994,0.10403282051282048,0.012112820512820517,0.2496,0.52,125,Russia-Ukraine,GOLD,standalone_fanogan,exponential,model
0.31732799999999994,0.08126564102564103,0.014625641025641024,0.2496,0.52,125,Russia-Ukraine,GOLD,standalone_fanogan,exponential,random
0.24959999999999993,1.232595164407831e-32,0.0,0.2496,0.52,125,Russia-Ukraine,GOLD,standalone_fanogan,exponential,constant
0.3756952662721893,0.1657544378698225,0.041656804733727806,0.24994082840236687,0.5076923076923077,130,Russia-Ukraine,EURUSD,standalone_fanogan,exponential,model
0.313801775147929,0.08610946745562129,0.025088757396449703,0.24994082840236687,0.5076923076923077,130,Russia-Ukraine,EURUSD,standalone_fanogan,exponential,random
0.2499408284023669,0.0,0.0,0.24994082840236687,0.5076923076923077,130,Russia-Ukraine,EURUSD,standalone_fanogan,exponential,constant
0.199952,0.0548073846153846,0.10221538461538462,0.2496,0.52,125,Russia-Ukraine,USOIL,tranad,exponential,model
0.35278400000000004,0.11370666666666666,0.010266666666666669,0.2496,0.52,125,Russia-Ukraine,USOIL,tranad,exponential,random
0.24959999999999993,1.232595164407831e-32,0.0,0.2496,0.52,125,Russia-Ukraine,USOIL,tranad,exponential,constant
0.419344,0.22452758974358977,0.057343589743589746,0.2496,0.52,125,Russia-Ukraine,GOLD,tranad,exponential,model
0.337808,0.10529394871794871,0.016317948717948717,0.2496,0.52,125,Russia-Ukraine,GOLD,tranad,exponential,random
0.24959999999999993,1.232595164407831e-32,0.0,0.2496,0.52,125,Russia-Ukraine,GOLD,tranad,exponential,constant
0.37664201183431956,0.1405473372781065,0.01798816568047337,0.24994082840236687,0.5076923076923077,130,Russia-Ukraine,EURUSD,tranad,exponential,model
0.3417307692307693,0.11096153846153843,0.019171597633136094,0.24994082840236687,0.5076923076923077,130,Russia-Ukraine,EURUSD,tranad,exponential,random
0.2499408284023669,0.0,0.0,0.24994082840236687,0.5076923076923077,130,Russia-Ukraine,EURUSD,tranad,exponential,constant
0.482192,0.34181415384615377,0.11344615384615385,0.2496,0.52,125,Russia-Ukraine,USOIL,usad,exponential,model
0.3982239999999999,0.18062974358974354,0.037189743589743585,0.2496,0.52,125,Russia-Ukraine,USOIL,usad,exponential,random
0.24959999999999993,1.232595164407831e-32,0.0,0.2496,0.52,125,Russia-Ukraine,USOIL,usad,exponential,constant
0.42497599999999996,0.21993189743589744,0.04903589743589743,0.2496,0.52,125,Russia-Ukraine,GOLD,usad,exponential,model
0.326672,0.08869661538461539,0.010984615384615384,0.2496,0.52,125,Russia-Ukraine,GOLD,usad,exponential,random
0.24959999999999993,1.232595164407831e-32,0.0,0.2496,0.52,125,Russia-Ukraine,GOLD,usad,exponential,constant
0.32835798816568046,0.13593195266272187,0.06414201183431952,0.24994082840236687,0.5076923076923077,130,Russia-Ukraine,EURUSD,usad,exponential,model
0.36362426035502965,0.14031065088757394,0.02390532544378698,0.24994082840236687,0.5076923076923077,130,Russia-Ukraine,EURUSD,usad,exponential,random
0.2499408284023669,0.0,0.0,0.24994082840236687,0.5076923076923077,130,Russia-Ukraine,EURUSD,usad,exponential,constant
0.148624,0.033314461538461536,0.13313846153846157,0.2496,0.52,125,Russia-Ukraine,USOIL,vae,exponential,model
0.37454400000000004,0.1687142564102564,0.04601025641025642,0.2496,0.52,125,Russia-Ukraine,USOIL,vae,exponential,random
0.24959999999999993,1.232595164407831e-32,0.0,0.2496,0.52,125,Russia-Ukraine,USOIL,vae,exponential,constant
0.289296,0.05616328205128204,0.01365128205128205,0.2496,0.52,125,Russia-Ukraine,GOLD,vae,exponential,model
0.336272,0.11460676923076923,0.028830769230769236,0.2496,0.52,125,Russia-Ukraine,GOLD,vae,exponential,random
0.24959999999999993,1.232595164407831e-32,0.0,0.2496,0.52,125,Russia-Ukraine,GOLD,vae,exponential,constant
0.37605029585798816,0.16054733727810647,0.03337278106508876,0.24994082840236687,0.5076923076923077,130,Russia-Ukraine,EURUSD,vae,exponential,model
0.3574704142011834,0.12705621301775147,0.016804733727810654,0.24994082840236687,0.5076923076923077,130,Russia-Ukraine,EURUSD,vae,exponential,random
0.2499408284023669,0.0,0.0,0.24994082840236687,0.5076923076923077,130,Russia-Ukraine,EURUSD,vae,exponential,constant
0.36054036126922423,0.13636172317971565,0.02983479105928085,0.2494331065759637,0.47619047619047616,147,Chinese real estate,USOIL,anomaly_transformer,exponential,model
0.34489873046724356,0.10298674053359602,0.008584386135406541,0.2494331065759637,0.47619047619047616,147,Chinese real estate,USOIL,anomaly_transformer,exponential,random
0.24943310657596376,0.0,0.0,0.2494331065759637,0.47619047619047616,147,Chinese real estate,USOIL,anomaly_transformer,exponential,constant
0.41912706125534116,0.20885003823362835,0.04382896015549076,0.2494331065759637,0.47619047619047616,147,Chinese real estate,GOLD,anomaly_transformer,exponential,model
0.30056535085689606,0.07910317350134094,0.028247489471979265,0.2494331065759637,0.47619047619047616,147,Chinese real estate,GOLD,anomaly_transformer,exponential,random
0.24943310657596376,0.0,0.0,0.2494331065759637,0.47619047619047616,147,Chinese real estate,GOLD,anomaly_transformer,exponential,constant
0.40245195637119113,0.20558948552996065,0.05163175207756232,0.24891793628808867,0.46710526315789475,152,Chinese real estate,EURUSD,anomaly_transformer,exponential,model
0.3312954466759002,0.08831253492977595,0.0065933748845798685,0.24891793628808867,0.46710526315789475,152,Chinese real estate,EURUSD,anomaly_transformer,exponential,random
0.24891793628808867,0.0,0.0,0.24891793628808867,0.46710526315789475,152,Chinese real estate,EURUSD,anomaly_transformer,exponential,constant
0.4131110494084255,0.2219047839414353,0.05850340136054423,0.2494331065759637,0.47619047619047616,147,Chinese real estate,USOIL,autoencoder,exponential,model
0.3540615792802382,0.12926282920035526,0.029770003239390993,0.2494331065759637,0.47619047619047616,147,Chinese real estate,USOIL,autoencoder,exponential,random
0.24943310657596376,0.0,0.0,0.2494331065759637,0.47619047619047616,147,Chinese real estate,USOIL,autoencoder,exponential,constant
0.41264827926635506,0.21786480060116048,0.0543245869776482,0.2494331065759637,0.47619047619047616,147,Chinese real estate,GOLD,autoencoder,exponential,model
0.35507967359279313,0.11705495285253723,0.01311953352769679,0.2494331065759637,0.47619047619047616,147,Chinese real estate,GOLD,autoencoder,exponential,random
0.24943310657596376,0.0,0.0,0.2494331065759637,0.47619047619047616,147,Chinese real estate,GOLD,autoencoder,exponential,constant
0.401586305401662,0.1751185714025368,0.023671225761772857,0.24891793628808867,0.46710526315789475,152,Chinese real estate,EURUSD,autoencoder,exponential,model
0.3383072195290859,0.10179216327695971,0.015008945060018469,0.24891793628808867,0.46710526315789475,152,Chinese real estate,EURUSD,autoencoder,exponential,random
0.24891793628808867,0.0,0.0,0.24891793628808867,0.46710526315789475,152,Chinese real estate,EURUSD,autoencoder,exponential,constant
0.4509656470297869,0.2705419258730379,0.07308066083576287,0.2494331065759637,0.47619047619047616,147,Chinese real estate,USOIL,cnn_autoencoder,exponential,model
0.35082218828574513,0.11625898820817607,0.017784256559766762,0.2494331065759637,0.47619047619047616,147,Chinese real estate,USOIL,cnn_autoencoder,exponential,random
0.24943310657596376,0.0,0.0,0.2494331065759637,0.47619047619047616,147,Chinese real estate,USOIL,cnn_autoencoder,exponential,constant
0.439211285421198,0.23924478116481449,0.04719792678976352,0.2494331065759637,0.47619047619047616,147,Chinese real estate,GOLD,cnn_autoencoder,exponential,model
0.2923280423280424,0.06884818715306013,0.023453190800129572,0.2494331065759637,0.47619047619047616,147,Chinese real estate,GOLD,cnn_autoencoder,exponential,random
0.24943310657596376,0.0,0.0,0.2494331065759637,0.47619047619047616,147,Chinese real estate,GOLD,cnn_autoencoder,exponential,constant
0.3316417070637119,0.1063382736186033,0.022108725761772852,0.24891793628808867,0.46710526315789475,152,Chinese real estate,EURUSD,cnn_autoencoder,exponential,model
0.355187413434903,0.13983030962968362,0.03872056786703601,0.24891793628808867,0.46710526315789475,152,Chinese real estate,EURUSD,cnn_autoencoder,exponential,random
0.24891793628808867,0.0,0.0,0.24891793628808867,0.46710526315789475,152,Chinese real estate,EURUSD,cnn_autoencoder,exponential,constant
0.3622063337806778,0.13377483808554197,0.017946226109491415,0.2494331065759637,0.47619047619047616,147,Chinese real estate,USOIL,dagmm,exponential,model
0.3461019328366267,0.10978483392061068,0.01431810819565921,0.2494331065759637,0.47619047619047616,147,Chinese real estate,USOIL,dagmm,exponential,random
0.24943310657596376,0.0,0.0,0.2494331065759637,0.47619047619047616,147,Chinese real estate,USOIL,dagmm,exponential,constant
0.3886767859071066,0.16163360063818205,0.023777129899578878,0.2494331065759637,0.47619047619047616,147,Chinese real estate,GOLD,dagmm,exponential,model
0.3654457247751709,0.12882782526680903,0.014156138645934565,0.2494331065759637,0.47619047619047616,147,Chinese real estate,GOLD,dagmm,exponential,random
0.24943310657596376,0.0,0.0,0.2494331065759637,0.47619047619047616,147,Chinese real estate,GOLD,dagmm,exponential,constant
0.3526770256232687,0.10937382301841861,0.009389427516158816,0.24891793628808867,0.46710526315789475,152,Chinese real estate,EURUSD,dagmm,exponential,model
0.339172870498615,0.10089044351703357,0.012678901200369344,0.24891793628808867,0.46710526315789475,152,Chinese real estate,EURUSD,dagmm,exponential,random
0.24891793628808867,0.0,0.0,0.24891793628808867,0.46710526315789475,152,Chinese real estate,EURUSD,dagmm,exponential,constant
0.3949704598392645,0.1674968983382144,0.02024619371558147,0.2494331065759637,0.47619047619047616,147,Chinese real estate,USOIL,deep_svdd,exponential,model
0.3471200271491816,0.10387988690779194,0.00822805312601231,0.2494331065759637,0.47619047619047616,147,Chinese real estate,USOIL,deep_svdd,exponential,random
0.24943310657596376,0.0,0.0,0.2494331065759637,0.47619047619047616,147,Chinese real estate,USOIL,deep_svdd,exponential,constant
0.42245900627824823,0.21634691453516944,0.04318108195659216,0.2494331065759637,0.47619047619047616,147,Chinese real estate,GOLD,deep_svdd,exponential,model
0.3235187499035896,0.08444354094083371,0.014706835114998379,0.2494331065759637,0.47619047619047616,147,Chinese real estate,GOLD,deep_svdd,exponential,random
0.24943310657596376,0.0,0.0,0.2494331065759637,0.47619047619047616,147,Chinese real estate,GOLD,deep_svdd,exponential,constant
0.331555141966759,0.11227663926957283,0.02934556786703601,0.24891793628808867,0.46710526315789475,152,Chinese real estate,EURUSD,deep_svdd,exponential,model
0.35501428324099726,0.12331368913106863,0.015365304709141275,0.24891793628808867,0.46710526315789475,152,Chinese real estate,EURUSD,deep_svdd,exponential,random
0.24891793628808867,0.0,0.0,0.24891793628808867,0.46710526315789475,152,Chinese real estate,EURUSD,deep_svdd,exponential,constant
0.3327741527449982,0.10738305688326512,0.018626498218334953,0.2494331065759637,0.47619047619047616,147,Chinese real estate,USOIL,hybrid2,arccosh,model
0.32574004658552763,0.09648944773892712,0.019857466796242302,0.2494331065759637,0.47619047619047616,147,Chinese real estate,USOIL,hybrid2,arccosh,random
0.24943310657596376,0.0,0.0,0.2494331065759637,0.47619047619047616,147,Chinese real estate,USOIL,hybrid2,arccosh,constant
0.42153346599410735,0.200043522430028,0.03090379008746355,0.2494331065759637,0.47619047619047616,147,Chinese real estate,GOLD,hybrid2,arccosh,model
0.2613224428093232,0.04231294720674146,0.032458697764820216,0.2494331065759637,0.47619047619047616,147,Chinese real estate,GOLD,hybrid2,arccosh,random
0.24943310657596376,0.0,0.0,0.2494331065759637,0.47619047619047616,147,Chinese real estate,GOLD,hybrid2,arccosh,constant
0.41379198407202217,0.20786181932497447,0.040529778393351805,0.24891793628808867,0.46710526315789475,152,Chinese real estate,EURUSD,hybrid2,arccosh,model
0.31476151315789475,0.07300494028526996,0.008512234533702675,0.24891793628808867,0.46710526315789475,152,Chinese real estate,EURUSD,hybrid2,arccosh,random
0.24891793628808867,0.0,0.0,0.24891793628808867,0.46710526315789475,152,Chinese real estate,EURUSD,hybrid2,arccosh,constant
0.4469858238079812,0.2581859630797573,0.05785552316164561,0.2494331065759637,0.47619047619047616,147,Chinese real estate,USOIL,hybrid2,arctan,model
0.32213043947737824,0.08220373345321286,0.009782960803368967,0.2494331065759637,0.47619047619047616,147,Chinese real estate,USOIL,hybrid2,arctan,random
0.24943310657596376,0.0,0.0,0.2494331065759637,0.47619047619047616,147,Chinese real estate,USOIL,hybrid2,arctan,constant
0.4506879849445447,0.25100377047482414,0.054745707806932296,0.2494331065759637,0.47619047619047616,147,Chinese real estate,GOLD,hybrid2,arctan,model
0.3578562944452158,0.12716185275535546,0.018043407839326207,0.2494331065759637,0.47619047619047616,147,Chinese real estate,GOLD,hybrid2,arctan,random
0.24943310657596376,0.0,0.0,0.2494331065759637,0.47619047619047616,147,Chinese real estate,GOLD,hybrid2,arctan,constant
0.34696372922437674,0.1316787629999514,0.0368017082179132,0.24891793628808867,0.46710526315789475,152,Chinese real estate,EURUSD,hybrid2,arctan,model
0.32973727493074795,0.09181265034990523,0.010266620498614957,0.24891793628808867,0.46710526315789475,152,Chinese real estate,EURUSD,hybrid2,arctan,random
0.24891793628808867,0.0,0.0,0.24891793628808867,0.46710526315789475,152,Chinese real estate,EURUSD,hybrid2,arctan,constant
0.4150546840051213,0.2076607189685074,0.039909297052154194,0.2494331065759637,0.47619047619047616,147,Chinese real estate,USOIL,hybrid2,cosine,model
0.3187059404260571,0.07736778546857682,0.010268869452542921,0.2494331065759637,0.47619047619047616,147,Chinese real estate,USOIL,hybrid2,cosine,random
0.24943310657596376,0.0,0.0,0.2494331065759637,0.47619047619047616,147,Chinese real estate,USOIL,hybrid2,cosine,constant
0.4082056859024789,0.19106578167386162,0.03155166828636216,0.2494331065759637,0.47619047619047616,147,Chinese real estate,GOLD,hybrid2,cosine,model
0.328239005352708,0.10002963932576593,0.019371558147068348,0.2494331065759637,0.47619047619047616,147,Chinese real estate,GOLD,hybrid2,cosine,random
0.24943310657596376,0.0,0.0,0.2494331065759637,0.47619047619047616,147,Chinese real estate,GOLD,hybrid2,cosine,constant
0.2971022333795014,0.07174397537298925,0.02698811172668513,0.24891793628808867,0.46710526315789475,152,Chinese real estate,EURUSD,hybrid2,cosine,model
0.3369221779778393,0.10675522883559313,0.02378087488457987,0.24891793628808867,0.46710526315789475,152,Chinese real estate,EURUSD,hybrid2,cosine,random
0.24891793628808867,0.0,0.0,0.24891793628808867,0.46710526315789475,152,Chinese real estate,EURUSD,hybrid2,cosine,constant
0.3990428370894843,0.18008424620253022,0.02996436669906058,0.2494331065759637,0.47619047619047616,147,Chinese real estate,USOIL,hybrid2,exponential,model
0.3405486911317815,0.09525385145959908,0.009135082604470358,0.2494331065759637,0.47619047619047616,147,Chinese real estate,USOIL,hybrid2,exponential,random
0.24943310657596376,0.0,0.0,0.2494331065759637,0.47619047619047616,147,Chinese real estate,USOIL,hybrid2,exponential,constant
0.4185717370848567,0.20957195965525827,0.04473598963394881,0.2494331065759637,0.47619047619047616,147,Chinese real estate,GOLD,hybrid2,exponential,model
0.34017847501812515,0.12268686548153439,0.03517978620019436,0.2494331065759637,0.47619047619047616,147,Chinese real estate,GOLD,hybrid2,exponential,random
0.24943310657596376,0.0,0.0,0.2494331065759637,0.47619047619047616,147,Chinese real estate,GOLD,hybrid2,exponential,constant
0.37457799515235457,0.1392863922704962,0.014241401200369342,0.24891793628808867,0.46710526315789475,152,Chinese real estate,EURUSD,hybrid2,exponential,model
0.3515516793628809,0.11286239642562085,0.015474953831948293,0.24891793628808867,0.46710526315789475,152,Chinese real estate,EURUSD,hybrid2,exponential,random
0.24891793628808867,0.0,0.0,0.24891793628808867,0.46710526315789475,152,Chinese real estate,EURUSD,hybrid2,exponential,constant
0.3732202631619541,0.15198947087743422,0.027923550372529967,0.2494331065759637,0.47619047619047616,147,Chinese real estate,USOIL,isolation_forest,exponential,model
0.3683148996560075,0.14437690204037562,0.02840945902170392,0.2494331065759637,0.47619047619047616,147,Chinese real estate,USOIL,isolation_forest,exponential,random
0.24943310657596376,0.0,0.0,0.2494331065759637,0.47619047619047616,147,Chinese real estate,USOIL,isolation_forest,exponential,constant
0.3981172968053435,0.16305430497433832,0.017006802721088437,0.2494331065759637,0.47619047619047616,147,Chinese real estate,GOLD,isolation_forest,exponential,model
0.3374944081941167,0.09743349882875078,0.008584386135406543,0.2494331065759637,0.47619047619047616,147,Chinese real estate,GOLD,isolation_forest,exponential,random
0.24943310657596376,0.0,0.0,0.2494331065759637,0.47619047619047616,147,Chinese real estate,GOLD,isolation_forest,exponential,constant
0.41509046052631576,0.21342506955581475,0.04886311172668513,0.24891793628808867,0.46710526315789475,152,Chinese real estate,EURUSD,isolation_forest,exponential,model
0.30298865997229923,0.07882355755212128,0.027618594182825484,0.24891793628808867,0.46710526315789475,152,Chinese real estate,EURUSD,isolation_forest,exponential,random
0.24891793628808867,0.0,0.0,0.24891793628808867,0.46710526315789475,152,Chinese real estate,EURUSD,isolation_forest,exponential,constant
0.315466549431564,0.09001066574994103,0.025688370586329768,0.2494331065759637,0.47619047619047616,147,Chinese real estate,USOIL,omnianomaly,exponential,model
0.3322188285745137,0.09640152141193374,0.014447683835438934,0.2494331065759637,0.47619047619047616,147,Chinese real estate,USOIL,omnianomaly,exponential,random
0.24943310657596376,0.0,0.0,0.2494331065759637,0.47619047619047616,147,Chinese real estate,USOIL,omnianomaly,exponential,constant
0.23846159779104387,0.034427343985861274,0.046323291221250396,0.2494331065759637,0.47619047619047616,147,Chinese real estate,GOLD,omnianomaly,exponential,model
0.3899725423049038,0.1592410790036779,0.015970197602850664,0.2494331065759637,0.47619047619047616,147,Chinese real estate,GOLD,omnianomaly,exponential,random
0.24943310657596376,0.0,0.0,0.2494331065759637,0.47619047619047616,147,Chinese real estate,GOLD,omnianomaly,exponential,constant
0.4554297957063712,0.28380537888176116,0.08115477839335182,0.24891793628808867,0.46710526315789475,152,Chinese real estate,EURUSD,omnianomaly,exponential,model
0.27537439404432135,0.04724316743208438,0.02101223453370267,0.24891793628808867,0.46710526315789475,152,Chinese real estate,EURUSD,omnianomaly,exponential,random
0.24891793628808867,0.0,0.0,0.24891793628808867,0.46710526315789475,152,Chinese real estate,EURUSD,omnianomaly,exponential,constant
0.25419578262143855,0.055335299004603475,0.05066407515387107,0.2494331065759637,0.47619047619047616,147,Chinese real estate,USOIL,one_class_svm,exponential,model
0.29408656886791,0.06782083743766376,0.023906705539358593,0.2494331065759637,0.47619047619047616,147,Chinese real estate,USOIL,one_class_svm,exponential,random
0.24943310657596376,0.0,0.0,0.2494331065759637,0.47619047619047616,147,Chinese real estate,USOIL,one_class_svm,exponential,constant
0.28279497740139137,0.06719147004444799,0.032717849044379646,0.2494331065759637,0.47619047619047616,147,Chinese real estate,GOLD,one_class_svm,exponential,model
0.3349954494269363,0.09444863141239651,0.011013929381276317,0.2494331065759637,0.47619047619047616,147,Chinese real estate,GOLD,one_class_svm,exponential,random
0.24943310657596376,0.0,0.0,0.2494331065759637,0.47619047619047616,147,Chinese real estate,GOLD,one_class_svm,exponential,constant
0.43127813365650974,0.2605366808208194,0.0791810941828255,0.24891793628808867,0.46710526315789475,152,Chinese real estate,EURUSD,one_class_svm,exponential,model
0.3398653912742382,0.10466756724741215,0.012733725761772853,0.24891793628808867,0.46710526315789475,152,Chinese real estate,EURUSD,one_class_svm,exponential,random
0.24891793628808867,0.0,0.0,0.24891793628808867,0.46710526315789475,152,Chinese real estate,EURUSD,one_class_svm,exponential,constant
0.3327741527449982,0.10738305688326512,0.018626498218334953,0.2494331065759637,0.47619047619047616,147,Chinese real estate,USOIL,standalone_fanogan,arccosh,model
0.30019513474323967,0.06084226369524165,0.012763200518302558,0.2494331065759637,0.47619047619047616,147,Chinese real estate,USOIL,standalone_fanogan,arccosh,random
0.24943310657596376,0.0,0.0,0.2494331065759637,0.47619047619047616,147,Chinese real estate,USOIL,standalone_fanogan,arccosh,constant
0.42153346599410735,0.200043522430028,0.03090379008746355,0.2494331065759637,0.47619047619047616,147,Chinese real estate,GOLD,standalone_fanogan,arccosh,model
0.32194533142055004,0.08457311658061348,0.013540654356980883,0.2494331065759637,0.47619047619047616,147,Chinese real estate,GOLD,standalone_fanogan,arccosh,random
0.24943310657596376,0.0,0.0,0.2494331065759637,0.47619047619047616,147,Chinese real estate,GOLD,standalone_fanogan,arccosh,constant
0.41379198407202217,0.20786181932497447,0.040529778393351805,0.24891793628808867,0.46710526315789475,152,Chinese real estate,EURUSD,standalone_fanogan,arccosh,model
0.28861885387811637,0.05987157232589784,0.023122980147737757,0.24891793628808867,0.46710526315789475,152,Chinese real estate,EURUSD,standalone_fanogan,arccosh,random
0.24891793628808867,0.0,0.0,0.24891793628808867,0.46710526315789475,152,Chinese real estate,EURUSD,standalone_fanogan,arccosh,constant
0.4469858238079812,0.2581859630797573,0.05785552316164561,0.2494331065759637,0.47619047619047616,147,Chinese real estate,USOIL,standalone_fanogan,arctan,model
0.31204205038024274,0.0755583542130814,0.0166504697116942,0.2494331065759637,0.47619047619047616,147,Chinese real estate,USOIL,standalone_fanogan,arctan,random
0.24943310657596376,0.0,0.0,0.2494331065759637,0.47619047619047616,147,Chinese real estate,USOIL,standalone_fanogan,arctan,constant
0.4506879849445447,0.25100377047482414,0.054745707806932296,0.2494331065759637,0.47619047619047616,147,Chinese real estate,GOLD,standalone_fanogan,arctan,model
0.3183357243124007,0.07751124421261864,0.011661807580174927,0.2494331065759637,0.47619047619047616,147,Chinese real estate,GOLD,standalone_fanogan,arctan,random
0.24943310657596376,0.0,0.0,0.2494331065759637,0.47619047619047616,147,Chinese real estate,GOLD,standalone_fanogan,arctan,constant
0.34696372922437674,0.1316787629999514,0.0368017082179132,0.24891793628808867,0.46710526315789475,152,Chinese real estate,EURUSD,standalone_fanogan,arctan,model
0.329650709833795,0.08879152846624871,0.008457409972299169,0.24891793628808867,0.46710526315789475,152,Chinese real estate,EURUSD,standalone_fanogan,arctan,random
0.24891793628808867,0.0,0.0,0.24891793628808867,0.46710526315789475,152,Chinese real estate,EURUSD,standalone_fanogan,arctan,constant
0.4150546840051213,0.2076607189685074,0.039909297052154194,0.2494331065759637,0.47619047619047616,147,Chinese real estate,USOIL,standalone_fanogan,cosine,model
0.31028352384037516,0.06730253487854487,0.007191448007774538,0.2494331065759637,0.47619047619047616,147,Chinese real estate,USOIL,standalone_fanogan,cosine,random
0.24943310657596376,0.0,0.0,0.2494331065759637,0.47619047619047616,147,Chinese real estate,USOIL,standalone_fanogan,cosine,constant
0.4082056859024789,0.19106578167386162,0.03155166828636216,0.2494331065759637,0.47619047619047616,147,Chinese real estate,GOLD,standalone_fanogan,cosine,model
0.3504519721720888,0.10887317674073192,0.010398445092322638,0.2494331065759637,0.47619047619047616,147,Chinese real estate,GOLD,standalone_fanogan,cosine,random
0.24943310657596376,0.0,0.0,0.2494331065759637,0.47619047619047616,147,Chinese real estate,GOLD,standalone_fanogan,cosine,constant
0.2971022333795014,0.07174397537298925,0.02698811172668513,0.24891793628808867,0.46710526315789475,152,Chinese real estate,EURUSD,standalone_fanogan,cosine,model
0.33423865997229923,0.09342420390484522,0.010622980147737764,0.24891793628808867,0.46710526315789475,152,Chinese real estate,EURUSD,standalone_fanogan,cosine,random
0.24891793628808867,0.0,0.0,0.24891793628808867,0.46710526315789475,152,Chinese real estate,EURUSD,standalone_fanogan,cosine,constant
0.3990428370894843,0.18008424620253022,0.02996436669906058,0.2494331065759637,0.47619047619047616,147,Chinese real estate,USOIL,standalone_fanogan,exponential,model
0.298344054174958,0.06502107807813765,0.019857466796242302,0.2494331065759637,0.47619047619047616,147,Chinese real estate,USOIL,standalone_fanogan,exponential,random
0.24943310657596376,0.0,0.0,0.2494331065759637,0.47619047619047616,147,Chinese real estate,USOIL,standalone_fanogan,exponential,constant
0.4185717370848567,0.20957195965525827,0.04473598963394881,0.2494331065759637,0.47619047619047616,147,Chinese real estate,GOLD,standalone_fanogan,exponential,model
0.3475827972912521,0.10828545866030247,0.012633624878522836,0.2494331065759637,0.47619047619047616,147,Chinese real estate,GOLD,standalone_fanogan,exponential,random
0.24943310657596376,0.0,0.0,0.2494331065759637,0.47619047619047616,147,Chinese real estate,GOLD,standalone_fanogan,exponential,constant
0.37457799515235457,0.1392863922704962,0.014241401200369342,0.24891793628808867,0.46710526315789475,152,Chinese real estate,EURUSD,standalone_fanogan,exponential,model
0.3226389369806094,0.08133538811537154,0.007580216989843027,0.24891793628808867,0.46710526315789475,152,Chinese real estate,EURUSD,standalone_fanogan,exponential,random
0.24891793628808867,0.0,0.0,0.24891793628808867,0.46710526315789475,152,Chinese real estate,EURUSD,standalone_fanogan,exponential,constant
0.43948894750644024,0.2512444109487008,0.06303854875283446,0.2494331065759637,0.47619047619047616,147,Chinese real estate,USOIL,tranad,exponential,model
0.2971408518055748,0.06320239141980083,0.01373501781665047,0.2494331065759637,0.47619047619047616,147,Chinese real estate,USOIL,tranad,exponential,random
0.24943310657596376,0.0,0.0,0.2494331065759637,0.47619047619047616,147,Chinese real estate,USOIL,tranad,exponential,constant
0.42329199253397504,0.2355472477296717,0.06252024619371559,0.2494331065759637,0.47619047619047616,147,Chinese real estate,GOLD,tranad,exponential,model
0.31009841578354697,0.07087049267390794,0.010528020732102366,0.2494331065759637,0.47619047619047616,147,Chinese real estate,GOLD,tranad,exponential,random
0.24943310657596376,0.0,0.0,0.2494331065759637,0.47619047619047616,147,Chinese real estate,GOLD,tranad,exponential,constant
0.3463577735457064,0.10588236410798463,0.013775392428439517,0.24891793628808867,0.46710526315789475,152,Chinese real estate,EURUSD,tranad,exponential,model
0.3203882444598338,0.10065383225202897,0.024301708217913203,0.24891793628808867,0.46710526315789475,152,Chinese real estate,EURUSD,tranad,exponential,random
0.24891793628808867,0.0,0.0,0.24891793628808867,0.46710526315789475,152,Chinese real estate,EURUSD,tranad,exponential,constant
0.24771700063245256,0.04644548457543043,0.04765144152899255,0.2494331065759637,0.47619047619047616,147,Chinese real estate,USOIL,usad,exponential,model
0.34017847501812515,0.0992660685913497,0.004956268221574343,0.2494331065759637,0.47619047619047616,147,Chinese real estate,USOIL,usad,exponential,random
0.24943310657596376,0.0,0.0,0.2494331065759637,0.47619047619047616,147,Chinese real estate,USOIL,usad,exponential,constant
0.28668224659478303,0.08882134648482004,0.05416261742792355,0.2494331065759637,0.47619047619047616,147,Chinese real estate,GOLD,usad,exponential,model
0.35387647122341,0.109576587356679,0.005733722060252672,0.2494331065759637,0.47619047619047616,147,Chinese real estate,GOLD,usad,exponential,random
0.24943310657596376,0.0,0.0,0.2494331065759637,0.47619047619047616,147,Chinese real estate,GOLD,usad,exponential,constant
0.34055791204986147,0.10731645921417114,0.015036357340720221,0.24891793628808867,0.46710526315789475,152,Chinese real estate,EURUSD,usad,exponential,model
0.31026012811634346,0.06933602292608253,0.008868594182825484,0.24891793628808867,0.46710526315789475,152,Chinese real estate,EURUSD,usad,exponential,random
0.24891793628808867,0.0,0.0,0.24891793628808867,0.46710526315789475,152,Chinese real estate,EURUSD,usad,exponential,constant
0.354894565535965,0.12852239697304252,0.023291221250404916,0.2494331065759637,0.47619047619047616,147,Chinese real estate,USOIL,vae,exponential,model
0.34258487975689145,0.09945580434959858,0.009264658244250079,0.2494331065759637,0.47619047619047616,147,Chinese real estate,USOIL,vae,exponential,random
0.24943310657596376,0.0,0.0,0.2494331065759637,0.47619047619047616,147,Chinese real estate,USOIL,vae,exponential,constant
0.2860343683958844,0.05438199251193837,0.014447683835438934,0.2494331065759637,0.47619047619047616,147,Chinese real estate,GOLD,vae,exponential,model
0.3106537399540315,0.07823779333566924,0.02206025267249757,0.2494331065759637,0.47619047619047616,147,Chinese real estate,GOLD,vae,exponential,random
0.24943310657596376,0.0,0.0,0.2494331065759637,0.47619047619047616,147,Chinese real estate,GOLD,vae,exponential,constant
0.4019325657894737,0.19055601369247216,0.0390221029547553,0.24891793628808867,0.46710526315789475,152,Chinese real estate,EURUSD,vae,exponential,model
0.3510322887811634,0.11763357601934199,0.015008945060018469,0.24891793628808867,0.46710526315789475,152,Chinese real estate,EURUSD,vae,exponential,random
0.24891793628808867,0.0,0.0,0.24891793628808867,0.46710526315789475,152,Chinese real estate,EURUSD,vae,exponential,constant
0.35984781060875753,0.15001953259768439,0.028097996698922288,0.23495906016375936,0.37735849056603776,106,Iran 2025,USOIL,anomaly_transformer,exponential,model
0.35877981488074046,0.1348960658188242,0.009058545583999484,0.23495906016375936,0.37735849056603776,106,Iran 2025,USOIL,anomaly_transformer,exponential,random
0.23495906016375936,0.0,0.0,0.23495906016375936,0.37735849056603776,106,Iran 2025,USOIL,anomaly_transformer,exponential,constant
0.27334015663937344,0.12169175499970383,0.0806708954982362,0.23495906016375936,0.37735849056603776,106,Iran 2025,GOLD,anomaly_transformer,exponential,model
0.32478195087219647,0.1018593979654956,0.011888734263244764,0.23495906016375936,0.37735849056603776,106,Iran 2025,GOLD,anomaly_transformer,exponential,random
0.23495906016375936,0.0,0.0,0.23495906016375936,0.37735849056603776,106,Iran 2025,GOLD,anomaly_transformer,exponential,constant
0.43289806970041045,0.262280526256852,0.06778837373649145,0.23635251987073108,0.38317757009345793,107,Iran 2025,EURUSD,anomaly_transformer,exponential,model
0.3130622761813258,0.11134872594082601,0.0366923669395501,0.23635251987073108,0.38317757009345793,107,Iran 2025,EURUSD,anomaly_transformer,exponential,random
0.2363525198707312,0.0,0.0,0.23635251987073108,0.38317757009345793,107,Iran 2025,EURUSD,anomaly_transformer,exponential,constant
0.3753337486650053,0.17251864260124436,0.03564516651024305,0.23495906016375936,0.37735849056603776,106,Iran 2025,USOIL,autoencoder,exponential,model
0.3758677465290139,0.15472195015165047,0.011974497556555226,0.23495906016375936,0.37735849056603776,106,Iran 2025,USOIL,autoencoder,exponential,random
0.23495906016375936,0.0,0.0,0.23495906016375936,0.37735849056603776,106,Iran 2025,USOIL,autoencoder,exponential,constant
0.28740210039159847,0.16652168477089385,0.1143758697692482,0.23495906016375936,0.37735849056603776,106,Iran 2025,GOLD,autoencoder,exponential,model
0.3521938412246351,0.17137944715802614,0.05168290235929966,0.23495906016375936,0.37735849056603776,106,Iran 2025,GOLD,autoencoder,exponential,random
0.23495906016375936,0.0,0.0,0.23495906016375936,0.37735849056603776,106,Iran 2025,GOLD,autoencoder,exponential,constant
0.50888723906018,0.41057851178953053,0.14297953771270222,0.23635251987073108,0.38317757009345793,107,Iran 2025,EURUSD,autoencoder,exponential,model
0.3053760153725216,0.08453256891242333,0.014942154535132087,0.23635251987073108,0.38317757009345793,107,Iran 2025,EURUSD,autoencoder,exponential,random
0.2363525198707312,0.0,0.0,0.23635251987073108,0.38317757009345793,107,Iran 2025,EURUSD,autoencoder,exponential,constant
0.41235760056959764,0.2041183707477863,0.03315803100423961,0.23495906016375936,0.37735849056603776,106,Iran 2025,USOIL,cnn_autoencoder,exponential,model
0.32709594161623357,0.1295463781266659,0.03761772225638371,0.23495906016375936,0.37735849056603776,106,Iran 2025,USOIL,cnn_autoencoder,exponential,random
0.23495906016375936,0.0,0.0,0.23495906016375936,0.37735849056603776,106,Iran 2025,USOIL,cnn_autoencoder,exponential,constant
0.28063812744749017,0.1716415915639939,0.12492475484643514,0.23495906016375936,0.37735849056603776,106,Iran 2025,GOLD,cnn_autoencoder,exponential,model
0.3520158419366322,0.12000885264040419,0.00734327971779022,0.23495906016375936,0.37735849056603776,106,Iran 2025,GOLD,cnn_autoencoder,exponential,random
0.23495906016375936,0.0,0.0,0.23495906016375936,0.37735849056603776,106,Iran 2025,GOLD,cnn_autoencoder,exponential,constant
0.5527338632194952,0.46957215156751825,0.15725311460310154,0.23635251987073108,0.38317757009345793,107,Iran 2025,EURUSD,cnn_autoencoder,exponential,model
0.3228447899379859,0.10006310353632858,0.01553688690556539,0.23635251987073108,0.38317757009345793,107,Iran 2025,EURUSD,cnn_autoencoder,exponential,random
0.2363525198707312,0.0,0.0,0.23635251987073108,0.38317757009345793,107,Iran 2025,EURUSD,cnn_autoencoder,exponential,constant
0.20552242791028838,0.04014542663956274,0.06712029515518302,0.23495906016375936,0.37735849056603776,106,Iran 2025,USOIL,dagmm,exponential,model
0.33403791384834464,0.10865249806582249,0.011116864623450592,0.23495906016375936,0.37735849056603776,106,Iran 2025,USOIL,dagmm,exponential,random
0.23495906016375936,0.0,0.0,0.23495906016375936,0.37735849056603776,106,Iran 2025,USOIL,dagmm,exponential,constant
0.4379894980420079,0.25162476254040095,0.05254053529240428,0.23495906016375936,0.37735849056603776,106,Iran 2025,GOLD,dagmm,exponential,model
0.34097988608045565,0.11279826330094336,0.009744651930483185,0.23495906016375936,0.37735849056603776,106,Iran 2025,GOLD,dagmm,exponential,random
0.23495906016375936,0.0,0.0,0.23495906016375936,0.37735849056603776,106,Iran 2025,GOLD,dagmm,exponential,constant
0.41857367455672984,0.23087722783459996,0.04765243490896386,0.23635251987073108,0.38317757009345793,107,Iran 2025,EURUSD,dagmm,exponential,model
0.3123635251987072,0.10950100601292437,0.034058552156202605,0.23635251987073108,0.38317757009345793,107,Iran 2025,EURUSD,dagmm,exponential,random
0.2363525198707312,0.0,0.0,0.23635251987073108,0.38317757009345793,107,Iran 2025,EURUSD,dagmm,exponential,constant
0.38619170523317914,0.16902338385500656,0.024495938379882842,0.23495906016375936,0.37735849056603776,106,Iran 2025,USOIL,deep_svdd,exponential,model
0.31641598433606266,0.0961278208918039,0.01754911162173533,0.23495906016375936,0.37735849056603776,106,Iran 2025,USOIL,deep_svdd,exponential,random
0.23495906016375936,0.0,0.0,0.23495906016375936,0.37735849056603776,106,Iran 2025,USOIL,deep_svdd,exponential,constant
0.3060920256318974,0.14906157279315993,0.08178581831127221,0.23495906016375936,0.37735849056603776,106,Iran 2025,GOLD,deep_svdd,exponential,model
0.34311587753648987,0.12768871283005434,0.02080811676753293,0.23495906016375936,0.37735849056603776,106,Iran 2025,GOLD,deep_svdd,exponential,random
0.23495906016375936,0.0,0.0,0.23495906016375936,0.37735849056603776,106,Iran 2025,GOLD,deep_svdd,exponential,constant
0.520591318019041,0.40610332935994164,0.12190901944592226,0.23635251987073108,0.38317757009345793,107,Iran 2025,EURUSD,deep_svdd,exponential,model
0.3567342125949866,0.13607974651427818,0.014432383931903539,0.23635251987073108,0.38317757009345793,107,Iran 2025,EURUSD,deep_svdd,exponential,random
0.2363525198707312,0.0,0.0,0.23635251987073108,0.38317757009345793,107,Iran 2025,EURUSD,deep_svdd,exponential,constant
0.4387014951940192,0.28741556483173725,0.0899333311757662,0.23495906016375936,0.37735849056603776,106,Iran 2025,USOIL,hybrid2,arccosh,model
0.36483179067283733,0.15083832932249744,0.02526780801967701,0.23495906016375936,0.37735849056603776,106,Iran 2025,USOIL,hybrid2,arccosh,random
0.23495906016375936,0.0,0.0,0.23495906016375936,0.37735849056603776,106,Iran 2025,USOIL,hybrid2,arccosh,constant
0.2445042719829121,0.07393940055457617,0.06308942036959124,0.23495906016375936,0.37735849056603776,106,Iran 2025,GOLD,hybrid2,arccosh,model
0.30146404414382344,0.07530837689685262,0.00794362277096346,0.23495906016375936,0.37735849056603776,106,Iran 2025,GOLD,hybrid2,arccosh,random
0.23495906016375936,0.0,0.0,0.23495906016375936,0.37735849056603776,106,Iran 2025,GOLD,hybrid2,arccosh,constant
0.36407109791248143,0.1807688420287733,0.05292006447565885,0.23635251987073108,0.38317757009345793,107,Iran 2025,EURUSD,hybrid2,arccosh,model
0.27882347803301605,0.07503987800650855,0.03575778750029776,0.23635251987073108,0.38317757009345793,107,Iran 2025,EURUSD,hybrid2,arccosh,random
0.2363525198707312,0.0,0.0,0.23635251987073108,0.38317757009345793,107,Iran 2025,EURUSD,hybrid2,arccosh,constant
0.18985849056603774,0.041533821085984926,0.08693161590989999,0.23495906016375936,0.37735849056603776,106,Iran 2025,USOIL,hybrid2,arctan,model
0.32371395514417944,0.10416044330676878,0.012231787436486617,0.23495906016375936,0.37735849056603776,106,Iran 2025,USOIL,hybrid2,arctan,random
0.23495906016375936,0.0,0.0,0.23495906016375936,0.37735849056603776,106,Iran 2025,USOIL,hybrid2,arctan,constant
0.3169499822000712,0.17121762962347808,0.08898993494935109,0.23495906016375936,0.37735849056603776,106,Iran 2025,GOLD,hybrid2,arctan,model
0.35397383410466365,0.13030044783765976,0.01763487491504579,0.23495906016375936,0.37735849056603776,106,Iran 2025,GOLD,hybrid2,arctan,random
0.23495906016375936,0.0,0.0,0.23495906016375936,0.37735849056603776,106,Iran 2025,GOLD,hybrid2,arctan,constant
0.34136169097737795,0.1519898299673785,0.045103581892821126,0.23635251987073108,0.38317757009345793,107,Iran 2025,EURUSD,hybrid2,arctan,model
0.3691370425364662,0.16268230807185768,0.03133977560565035,0.23635251987073108,0.38317757009345793,107,Iran 2025,EURUSD,hybrid2,arctan,random
0.2363525198707312,0.0,0.0,0.23635251987073108,0.38317757009345793,107,Iran 2025,EURUSD,hybrid2,arctan,constant
0.39028568885724446,0.19423455573759182,0.04036214764231854,0.23495906016375936,0.37735849056603776,106,Iran 2025,USOIL,hybrid2,cosine,model
0.3091180135279458,0.09054187959920544,0.019350140781255055,0.23495906016375936,0.37735849056603776,106,Iran 2025,USOIL,hybrid2,cosine,random
0.23495906016375936,0.0,0.0,0.23495906016375936,0.37735849056603776,106,Iran 2025,USOIL,hybrid2,cosine,constant
0.35094784620861513,0.2078304649903184,0.09516489206770447,0.23495906016375936,0.37735849056603776,106,Iran 2025,GOLD,hybrid2,cosine,model
0.37657974368102537,0.16786153395695164,0.026983073885886274,0.23495906016375936,0.37735849056603776,106,Iran 2025,GOLD,hybrid2,cosine,random
0.23495906016375936,0.0,0.0,0.23495906016375936,0.37735849056603776,106,Iran 2025,GOLD,hybrid2,cosine,constant
0.45613153987247795,0.27314531000136316,0.05410952921652546,0.23635251987073108,0.38317757009345793,107,Iran 2025,EURUSD,hybrid2,cosine,model
0.3605773429993886,0.13790126328033164,0.018000778154503374,0.23635251987073108,0.38317757009345793,107,Iran 2025,EURUSD,hybrid2,cosine,random
0.2363525198707312,0.0,0.0,0.23635251987073108,0.38317757009345793,107,Iran 2025,EURUSD,hybrid2,cosine,constant
0.2665761836952652,0.09925413565927213,0.07149422311401664,0.23495906016375936,0.37735849056603776,106,Iran 2025,USOIL,hybrid2,exponential,model
0.30288803844784623,0.0835837256136396,0.010344994983656429,0.23495906016375936,0.37735849056603776,106,Iran 2025,USOIL,hybrid2,exponential,random
0.23495906016375936,0.0,0.0,0.23495906016375936,0.37735849056603776,106,Iran 2025,USOIL,hybrid2,exponential,constant
0.2740521537913848,0.12258822414110002,0.08521635004369071,0.23495906016375936,0.37735849056603776,106,Iran 2025,GOLD,hybrid2,exponential,model
0.38583570665717337,0.1735186749647513,0.023295252273536356,0.23495906016375936,0.37735849056603776,106,Iran 2025,GOLD,hybrid2,exponential,random
0.23495906016375936,0.0,0.0,0.23495906016375936,0.37735849056603776,106,Iran 2025,GOLD,hybrid2,exponential,constant
0.48058782426412794,0.3610211864177235,0.11613161927599872,0.23635251987073108,0.38317757009345793,107,Iran 2025,EURUSD,hybrid2,exponential,model
0.32563979386846015,0.09744199331630139,0.009334677899618069,0.23635251987073108,0.38317757009345793,107,Iran 2025,EURUSD,hybrid2,exponential,random
0.2363525198707312,0.0,0.0,0.23635251987073108,0.38317757009345793,107,Iran 2025,EURUSD,hybrid2,exponential,constant
0.19057048771804913,0.029005907561275416,0.07458170167319332,0.23495906016375936,0.37735849056603776,106,Iran 2025,USOIL,isolation_forest,exponential,model
0.35326183695265223,0.16731459069017926,0.050911032719505485,0.23495906016375936,0.37735849056603776,106,Iran 2025,USOIL,isolation_forest,exponential,random
0.23495906016375936,0.0,0.0,0.23495906016375936,0.37735849056603776,106,Iran 2025,USOIL,isolation_forest,exponential,constant
0.3356399074403702,0.1468996905315981,0.049453056733227606,0.23495906016375936,0.37735849056603776,106,Iran 2025,GOLD,isolation_forest,exponential,model
0.3153479886080456,0.10367822705381563,0.025010518139745617,0.23495906016375936,0.37735849056603776,106,Iran 2025,GOLD,isolation_forest,exponential,random
0.23495906016375936,0.0,0.0,0.23495906016375936,0.37735849056603776,106,Iran 2025,GOLD,isolation_forest,exponential,constant
0.4405843305092148,0.2584024583033189,0.056573420465463445,0.23635251987073108,0.38317757009345793,107,Iran 2025,EURUSD,isolation_forest,exponential,model
0.34363263167088826,0.14919879621294185,0.038731449352464274,0.23635251987073108,0.38317757009345793,107,Iran 2025,EURUSD,isolation_forest,exponential,random
0.2363525198707312,0.0,0.0,0.23635251987073108,0.38317757009345793,107,Iran 2025,EURUSD,isolation_forest,exponential,constant
0.2309763260946956,0.08824083425793228,0.09447878572122075,0.23495906016375936,0.37735849056603776,106,Iran 2025,USOIL,omnianomaly,exponential,model
0.3664337842648629,0.14824277606834682,0.018578271141460885,0.23495906016375936,0.37735849056603776,106,Iran 2025,USOIL,omnianomaly,exponential,random
0.23495906016375936,0.0,0.0,0.23495906016375936,0.37735849056603776,106,Iran 2025,USOIL,omnianomaly,exponential,constant
0.4511614453542186,0.26699419197177415,0.05091103271950548,0.23495906016375936,0.37735849056603776,106,Iran 2025,GOLD,omnianomaly,exponential,model
0.35130384478462084,0.14460511789170685,0.030070552445062942,0.23495906016375936,0.37735849056603776,106,Iran 2025,GOLD,omnianomaly,exponential,random
0.23495906016375936,0.0,0.0,0.23495906016375936,0.37735849056603776,106,Iran 2025,GOLD,omnianomaly,exponential,constant
0.23759717005852038,0.08428085975163914,0.08622507721992397,0.23635251987073108,0.38317757009345793,107,Iran 2025,EURUSD,omnianomaly,exponential,model
0.3151585291291816,0.09434605004217662,0.013837651561470234,0.23635251987073108,0.38317757009345793,107,Iran 2025,EURUSD,omnianomaly,exponential,random
0.2363525198707312,0.0,0.0,0.23635251987073108,0.38317757009345793,107,Iran 2025,EURUSD,omnianomaly,exponential,constant
0.2560742257030972,0.14039138929207579,0.11814945467490856,0.23495906016375936,0.37735849056603776,106,Iran 2025,USOIL,one_class_svm,exponential,model
0.3687477750089,0.15841786264072785,0.02724036376581766,0.23495906016375936,0.37735849056603776,106,Iran 2025,USOIL,one_class_svm,exponential,random
0.23495906016375936,0.0,0.0,0.23495906016375936,0.37735849056603776,106,Iran 2025,USOIL,one_class_svm,exponential,constant
0.4228595585617657,0.25251152262972426,0.06677724198194117,0.23495906016375936,0.37735849056603776,106,Iran 2025,GOLD,one_class_svm,exponential,model
0.36429779280882874,0.14841106630427683,0.018835561021392274,0.23495906016375936,0.37735849056603776,106,Iran 2025,GOLD,one_class_svm,exponential,random
0.23495906016375936,0.0,0.0,0.23495906016375936,0.37735849056603776,106,Iran 2025,GOLD,one_class_svm,exponential,constant
0.44931871779194693,0.2847755436859248,0.0754349327849197,0.23635251987073108,0.38317757009345793,107,Iran 2025,EURUSD,one_class_svm,exponential,model
0.35952921652546077,0.1508726224303963,0.02887588435671238,0.23635251987073108,0.38317757009345793,107,Iran 2025,EURUSD,one_class_svm,exponential,random
0.2363525198707312,0.0,0.0,0.23635251987073108,0.38317757009345793,107,Iran 2025,EURUSD,one_class_svm,exponential,constant
0.4387014951940192,0.28741556483173725,0.0899333311757662,0.23495906016375936,0.37735849056603776,106,Iran 2025,USOIL,standalone_fanogan,arccosh,model
0.3256719473122108,0.10381415378283601,0.021408459820706167,0.23495906016375936,0.37735849056603776,106,Iran 2025,USOIL,standalone_fanogan,arccosh,random
0.23495906016375936,0.0,0.0,0.23495906016375936,0.37735849056603776,106,Iran 2025,USOIL,standalone_fanogan,arccosh,constant
0.2445042719829121,0.07393940055457617,0.06308942036959124,0.23495906016375936,0.37735849056603776,106,Iran 2025,GOLD,standalone_fanogan,arccosh,model
0.2957680669277322,0.08491386574762447,0.026983073885886274,0.23495906016375936,0.37735849056603776,106,Iran 2025,GOLD,standalone_fanogan,arccosh,random
0.23495906016375936,0.0,0.0,0.23495906016375936,0.37735849056603776,106,Iran 2025,GOLD,standalone_fanogan,arccosh,constant
0.36407109791248143,0.1807688420287733,0.05292006447565885,0.23635251987073108,0.38317757009345793,107,Iran 2025,EURUSD,standalone_fanogan,arccosh,model
0.2774259760677788,0.07116895636984319,0.024287948927655456,0.23635251987073108,0.38317757009345793,107,Iran 2025,EURUSD,standalone_fanogan,arccosh,random
0.2363525198707312,0.0,0.0,0.23635251987073108,0.38317757009345793,107,Iran 2025,EURUSD,standalone_fanogan,arccosh,constant
0.18985849056603774,0.041533821085984926,0.08693161590989999,0.23495906016375936,0.37735849056603776,106,Iran 2025,USOIL,standalone_fanogan,arctan,model
0.35432983268066925,0.13616147893898992,0.01797792808828765,0.23495906016375936,0.37735849056603776,106,Iran 2025,USOIL,standalone_fanogan,arctan,random
0.23495906016375936,0.0,0.0,0.23495906016375936,0.37735849056603776,106,Iran 2025,USOIL,standalone_fanogan,arctan,constant
0.3169499822000712,0.17121762962347808,0.08898993494935109,0.23495906016375936,0.37735849056603776,106,Iran 2025,GOLD,standalone_fanogan,arctan,model
0.34453987184051266,0.13513231941926435,0.026382730832713027,0.23495906016375936,0.37735849056603776,106,Iran 2025,GOLD,standalone_fanogan,arctan,random
0.23495906016375936,0.0,0.0,0.23495906016375936,0.37735849056603776,106,Iran 2025,GOLD,standalone_fanogan,arctan,constant
0.34136169097737795,0.1519898299673785,0.045103581892821126,0.23635251987073108,0.38317757009345793,107,Iran 2025,EURUSD,standalone_fanogan,arctan,model
0.36057734299938865,0.13839594721461726,0.012818110355013138,0.23635251987073108,0.38317757009345793,107,Iran 2025,EURUSD,standalone_fanogan,arctan,random
0.2363525198707312,0.0,0.0,0.23635251987073108,0.38317757009345793,107,Iran 2025,EURUSD,standalone_fanogan,arctan,constant
0.39028568885724446,0.19423455573759182,0.04036214764231854,0.23495906016375936,0.37735849056603776,106,Iran 2025,USOIL,standalone_fanogan,cosine,model
0.3060920256318974,0.08292998277406548,0.013518236836143564,0.23495906016375936,0.37735849056603776,106,Iran 2025,USOIL,standalone_fanogan,cosine,random
0.23495906016375936,0.0,0.0,0.23495906016375936,0.37735849056603776,106,Iran 2025,USOIL,standalone_fanogan,cosine,constant
0.35094784620861513,0.2078304649903184,0.09516489206770447,0.23495906016375936,0.37735849056603776,106,Iran 2025,GOLD,standalone_fanogan,cosine,model
0.35219384122463515,0.13383130644149807,0.013689763422764489,0.23495906016375936,0.37735849056603776,106,Iran 2025,GOLD,standalone_fanogan,cosine,random
0.23495906016375936,0.0,0.0,0.23495906016375936,0.37735849056603776,106,Iran 2025,GOLD,standalone_fanogan,cosine,constant
0.45613153987247795,0.27314531000136316,0.05410952921652546,0.23635251987073108,0.38317757009345793,107,Iran 2025,EURUSD,standalone_fanogan,cosine,model
0.3081710193029959,0.09642721632108944,0.02683680194379819,0.23635251987073108,0.38317757009345793,107,Iran 2025,EURUSD,standalone_fanogan,cosine,random
0.2363525198707312,0.0,0.0,0.23635251987073108,0.38317757009345793,107,Iran 2025,EURUSD,standalone_fanogan,cosine,constant
0.2665761836952652,0.09925413565927213,0.07149422311401664,0.23495906016375936,0.37735849056603776,106,Iran 2025,USOIL,standalone_fanogan,exponential,model
0.31356799572801713,0.09325070512753966,0.018320981261529496,0.23495906016375936,0.37735849056603776,106,Iran 2025,USOIL,standalone_fanogan,exponential,random
0.23495906016375936,0.0,0.0,0.23495906016375936,0.37735849056603776,106,Iran 2025,USOIL,standalone_fanogan,exponential,constant
0.2740521537913848,0.12258822414110002,0.08521635004369071,0.23495906016375936,0.37735849056603776,106,Iran 2025,GOLD,standalone_fanogan,exponential,model
0.3931336774652901,0.17396205500941292,0.016262662222078388,0.23495906016375936,0.37735849056603776,106,Iran 2025,GOLD,standalone_fanogan,exponential,random
0.23495906016375936,0.0,0.0,0.23495906016375936,0.37735849056603776,106,Iran 2025,GOLD,standalone_fanogan,exponential,constant
0.48058782426412794,0.3610211864177235,0.11613161927599872,0.23635251987073108,0.38317757009345793,107,Iran 2025,EURUSD,standalone_fanogan,exponential,model
0.29437068739627914,0.08138421931460216,0.02131428707548893,0.23635251987073108,0.38317757009345793,107,Iran 2025,EURUSD,standalone_fanogan,exponential,random
0.2363525198707312,0.0,0.0,0.23635251987073108,0.38317757009345793,107,Iran 2025,EURUSD,standalone_fanogan,exponential,constant
0.25892221431114276,0.07393940055457618,0.053655458105440305,0.23495906016375936,0.37735849056603776,106,Iran 2025,USOIL,tranad,exponential,model
0.3393778924884301,0.12707704254946273,0.01814945467490857,0.23495906016375936,0.37735849056603776,106,Iran 2025,USOIL,tranad,exponential,random
0.23495906016375936,0.0,0.0,0.23495906016375936,0.37735849056603776,106,Iran 2025,USOIL,tranad,exponential,constant
0.35468583125667497,0.22947517841146473,0.11120262791676105,0.23495906016375936,0.37735849056603776,106,Iran 2025,GOLD,tranad,exponential,model
0.3402678889284443,0.11404102196627235,0.014547396355869121,0.23495906016375936,0.37735849056603776,106,Iran 2025,GOLD,tranad,exponential,random
0.23495906016375936,0.0,0.0,0.23495906016375936,0.37735849056603776,106,Iran 2025,GOLD,tranad,exponential,constant
0.429229627041663,0.3077700092605284,0.11511207806954164,0.23635251987073108,0.38317757009345793,107,Iran 2025,EURUSD,tranad,exponential,model
0.3205738492444755,0.09185436756097544,0.00924971613241331,0.23635251987073108,0.38317757009345793,107,Iran 2025,EURUSD,tranad,exponential,random
0.2363525198707312,0.0,0.0,0.23635251987073108,0.38317757009345793,107,Iran 2025,EURUSD,tranad,exponential,constant
0.48854129583481665,0.3638128592425596,0.107857859477653,0.23495906016375936,0.37735849056603776,106,Iran 2025,USOIL,usad,exponential,model
0.3073380206479174,0.08306590950308584,0.009916178517104112,0.23495906016375936,0.37735849056603776,106,Iran 2025,USOIL,usad,exponential,random
0.23495906016375936,0.0,0.0,0.23495906016375936,0.37735849056603776,106,Iran 2025,USOIL,usad,exponential,constant
0.34667586329654687,0.1758003022018787,0.06660571539532024,0.23495906016375936,0.37735849056603776,106,Iran 2025,GOLD,usad,exponential,model
0.33029992880028486,0.11345524249120838,0.015919609048836533,0.23495906016375936,0.37735849056603776,106,Iran 2025,GOLD,usad,exponential,random
0.23495906016375936,0.0,0.0,0.23495906016375936,0.37735849056603776,106,Iran 2025,GOLD,usad,exponential,constant
0.434644947156957,0.3464617568526166,0.14943663202026378,0.23635251987073108,0.38317757009345793,107,Iran 2025,EURUSD,usad,exponential,model
0.32738667132500654,0.09958350627098582,0.007720404322727669,0.23635251987073108,0.38317757009345793,107,Iran 2025,EURUSD,usad,exponential,random
0.2363525198707312,0.0,0.0,0.23635251987073108,0.38317757009345793,107,Iran 2025,EURUSD,usad,exponential,constant
0.20427643289426844,0.06440511141900544,0.0987669503867439,0.23495906016375936,0.37735849056603776,106,Iran 2025,USOIL,vae,exponential,model
0.3744437522249911,0.17143446511977245,0.03607398297679537,0.23495906016375936,0.37735849056603776,106,Iran 2025,USOIL,vae,exponential,random
0.23495906016375936,0.0,0.0,0.23495906016375936,0.37735849056603776,106,Iran 2025,USOIL,vae,exponential,constant
0.3217559629761481,0.11425138476118483,0.027840706818990906,0.23495906016375936,0.37735849056603776,106,Iran 2025,GOLD,vae,exponential,model
0.4002536489854041,0.21924183752664642,0.052197482119162426,0.23495906016375936,0.37735849056603776,106,Iran 2025,GOLD,vae,exponential,random
0.23495906016375936,0.0,0.0,0.23495906016375936,0.37735849056603776,106,Iran 2025,GOLD,vae,exponential,constant
0.40704428334352344,0.21801544554317315,0.051560676200382696,0.23635251987073108,0.38317757009345793,107,Iran 2025,EURUSD,vae,exponential,model
0.3389160625382129,0.10522592045563076,0.005851245444222996,0.23635251987073108,0.38317757009345793,107,Iran 2025,EURUSD,vae,exponential,random
0.2363525198707312,0.0,0.0,0.23635251987073108,0.38317757009345793,107,Iran 2025,EURUSD,vae,exponential,constant
