backtest_idx,window_start,fanogan_score,threshold,true_tadgan_is_anomaly,true_label_user_0crash_1not,pred_label_user_0crash_1not
0,1227,0.0067762755788862705,0.04164112247526646,0,1,1
1,1228,0.012524746358394623,0.04164112247526646,0,1,1
2,1229,0.02969352714717388,0.04164112247526646,0,1,1
3,1230,0.019851531833410263,0.04164112247526646,0,1,1
4,1231,0.024525748565793037,0.04164112247526646,0,1,1
5,1232,0.01714940369129181,0.04164112247526646,0,1,1
6,1233,0.01996537670493126,0.04164112247526646,0,1,1
7,1234,0.007825832813978195,0.04164112247526646,0,1,1
8,1235,0.012834757566452026,0.04164112247526646,0,1,1
9,1236,0.01840876415371895,0.04164112247526646,0,1,1
10,1237,0.025968516245484352,0.04164112247526646,0,1,1
11,1238,0.03433961048722267,0.04164112247526646,0,1,1
12,1239,0.09900163859128952,0.04164112247526646,0,1,0
13,1240,0.1194734126329422,0.04164112247526646,0,1,0
14,1241,0.16240625083446503,0.04164112247526646,0,1,0
15,1242,0.12639574706554413,0.04164112247526646,0,1,0
16,1243,0.09185487031936646,0.04164112247526646,0,1,0
17,1244,0.09611826390028,0.04164112247526646,0,1,0
18,1245,0.07727251946926117,0.04164112247526646,0,1,0
19,1246,0.05105038359761238,0.04164112247526646,0,1,0
20,1247,0.043488919734954834,0.04164112247526646,0,1,0
21,1248,0.040540292859077454,0.04164112247526646,0,1,1
22,1249,0.054269760847091675,0.04164112247526646,0,1,0
23,1250,0.029987838119268417,0.04164112247526646,0,1,1
24,1251,0.026184335350990295,0.04164112247526646,0,1,1
25,1252,0.032279495149850845,0.04164112247526646,0,1,1
26,1253,0.01722853258252144,0.04164112247526646,0,1,1
27,1254,0.014673076570034027,0.04164112247526646,0,1,1
28,1255,0.014759964309632778,0.04164112247526646,0,1,1
29,1256,0.012889792211353779,0.04164112247526646,0,1,1
30,1257,0.014703787863254547,0.04164112247526646,0,1,1
31,1258,0.009461340494453907,0.04164112247526646,0,1,1
32,1259,0.01617356762290001,0.04164112247526646,0,1,1
33,1260,0.014184122905135155,0.04164112247526646,0,1,1
34,1261,0.012739512138068676,0.04164112247526646,0,1,1
35,1262,0.012255475856363773,0.04164112247526646,0,1,1
36,1263,0.011962169781327248,0.04164112247526646,0,1,1
37,1264,0.01139797456562519,0.04164112247526646,0,1,1
38,1265,0.012681936845183372,0.04164112247526646,0,1,1
39,1266,0.008423978462815285,0.04164112247526646,0,1,1
40,1267,0.011384617537260056,0.04164112247526646,0,1,1
41,1268,0.009034079499542713,0.04164112247526646,0,1,1
42,1269,0.010121487081050873,0.04164112247526646,0,1,1
43,1270,0.005318942479789257,0.04164112247526646,0,1,1
44,1271,0.01109608355909586,0.04164112247526646,0,1,1
45,1272,0.015258535742759705,0.04164112247526646,0,1,1
46,1273,0.019184840843081474,0.04164112247526646,0,1,1
47,1274,0.009073569439351559,0.04164112247526646,0,1,1
48,1275,0.01057070679962635,0.04164112247526646,0,1,1
49,1276,0.011835955083370209,0.04164112247526646,0,1,1
50,1277,0.011389367282390594,0.04164112247526646,0,1,1
51,1278,0.013692568987607956,0.04164112247526646,0,1,1
52,1279,0.015461309812963009,0.04164112247526646,0,1,1
53,1280,0.017024965956807137,0.04164112247526646,0,1,1
54,1281,0.01671568863093853,0.04164112247526646,0,1,1
55,1282,0.014288934879004955,0.04164112247526646,0,1,1
56,1283,0.010474792681634426,0.04164112247526646,0,1,1
57,1284,0.010839392431080341,0.04164112247526646,0,1,1
58,1285,0.008820565417408943,0.04164112247526646,0,1,1
59,1286,0.007915258407592773,0.04164112247526646,0,1,1
60,1287,0.0069258245639503,0.04164112247526646,0,1,1
61,1288,0.005469373427331448,0.04164112247526646,0,1,1
62,1289,0.005198194645345211,0.04164112247526646,0,1,1
63,1290,0.005150528624653816,0.04164112247526646,0,1,1
64,1291,0.004481394775211811,0.04164112247526646,0,1,1
65,1292,0.004499929025769234,0.04164112247526646,0,1,1
66,1293,0.004627019166946411,0.04164112247526646,0,1,1
67,1294,0.005437531042844057,0.04164112247526646,0,1,1
68,1295,0.005577987991273403,0.04164112247526646,0,1,1
69,1296,0.004703524522483349,0.04164112247526646,0,1,1
70,1297,0.00522372592240572,0.04164112247526646,0,1,1
71,1298,0.005013000685721636,0.04164112247526646,0,1,1
72,1299,0.004817419685423374,0.04164112247526646,0,1,1
73,1300,0.004342518746852875,0.04164112247526646,0,1,1
74,1301,0.005491919349879026,0.04164112247526646,0,1,1
75,1302,0.006715365219861269,0.04164112247526646,0,1,1
76,1303,0.006041525863111019,0.04164112247526646,0,1,1
77,1304,0.00623754458501935,0.04164112247526646,0,1,1
78,1305,0.008399572223424911,0.04164112247526646,0,1,1
79,1306,0.009022085927426815,0.04164112247526646,0,1,1
80,1307,0.01068730466067791,0.04164112247526646,0,1,1
81,1308,0.009657402522861958,0.04164112247526646,0,1,1
82,1309,0.009762957692146301,0.04164112247526646,0,1,1
83,1310,0.010053216479718685,0.04164112247526646,0,1,1
84,1311,0.009083260782063007,0.04164112247526646,0,1,1
85,1312,0.011331022717058659,0.04164112247526646,0,1,1
86,1313,0.014363719150424004,0.04164112247526646,0,1,1
87,1314,0.011804611422121525,0.04164112247526646,0,1,1
88,1315,0.011620528064668179,0.04164112247526646,0,1,1
89,1316,0.023426363244652748,0.04164112247526646,0,1,1
90,1317,0.023454979062080383,0.04164112247526646,0,1,1
91,1318,0.01767555996775627,0.04164112247526646,0,1,1
92,1319,0.012970805168151855,0.04164112247526646,0,1,1
93,1320,0.013409396633505821,0.04164112247526646,0,1,1
94,1321,0.013625667430460453,0.04164112247526646,0,1,1
95,1322,0.009722867980599403,0.04164112247526646,0,1,1
96,1323,0.008360452950000763,0.04164112247526646,0,1,1
97,1324,0.007527888286858797,0.04164112247526646,0,1,1
98,1325,0.007024781778454781,0.04164112247526646,0,1,1
99,1326,0.007307640742510557,0.04164112247526646,0,1,1
100,1327,0.00697309197857976,0.04164112247526646,0,1,1
101,1328,0.006695683114230633,0.04164112247526646,0,1,1
102,1329,0.007064369507133961,0.04164112247526646,0,1,1
103,1330,0.006363667082041502,0.04164112247526646,0,1,1
104,1331,0.005818743258714676,0.04164112247526646,0,1,1
105,1332,0.004891904070973396,0.04164112247526646,0,1,1
106,1333,0.004803260322660208,0.04164112247526646,0,1,1
107,1334,0.005720861256122589,0.04164112247526646,0,1,1
108,1335,0.004443773999810219,0.04164112247526646,0,1,1
109,1336,0.004140867851674557,0.04164112247526646,0,1,1
110,1337,0.0029356381855905056,0.04164112247526646,0,1,1
111,1338,0.002167273545637727,0.04164112247526646,0,1,1
112,1339,0.00231701647862792,0.04164112247526646,0,1,1
113,1340,0.0020943544805049896,0.04164112247526646,0,1,1
114,1341,0.002059769583866,0.04164112247526646,0,1,1
115,1342,0.0022656461223959923,0.04164112247526646,0,1,1
116,1343,0.002856884151697159,0.04164112247526646,0,1,1
117,1344,0.003257317468523979,0.04164112247526646,0,1,1
118,1345,0.004109291359782219,0.04164112247526646,0,1,1
119,1346,0.004686882719397545,0.04164112247526646,0,1,1
120,1347,0.005986769683659077,0.04164112247526646,0,1,1
121,1348,0.006023013964295387,0.04164112247526646,0,1,1
122,1349,0.0062170554883778095,0.04164112247526646,0,1,1
123,1350,0.0073212916031479836,0.04164112247526646,0,1,1
124,1351,0.010572319850325584,0.04164112247526646,0,1,1
125,1352,0.014484871178865433,0.04164112247526646,0,1,1
126,1353,0.01677224598824978,0.04164112247526646,0,1,1
127,1354,0.019242344424128532,0.04164112247526646,0,1,1
128,1355,0.026623021811246872,0.04164112247526646,0,1,1
129,1356,0.030282272025942802,0.04164112247526646,0,1,1
130,1357,0.030208537355065346,0.04164112247526646,0,1,1
131,1358,0.023998117074370384,0.04164112247526646,0,1,1
132,1359,0.025008879601955414,0.04164112247526646,0,1,1
133,1360,0.02098831534385681,0.04164112247526646,0,1,1
134,1361,0.020255718380212784,0.04164112247526646,0,1,1
135,1362,0.01582419127225876,0.04164112247526646,0,1,1
136,1363,0.016133703291416168,0.04164112247526646,0,1,1
137,1364,0.01855882816016674,0.04164112247526646,0,1,1
138,1365,0.017437011003494263,0.04164112247526646,0,1,1
139,1366,0.024609550833702087,0.04164112247526646,0,1,1
140,1367,0.023873956874012947,0.04164112247526646,0,1,1
141,1368,0.022500330582261086,0.04164112247526646,0,1,1
142,1369,0.029396547004580498,0.04164112247526646,0,1,1
143,1370,0.03101830556988716,0.04164112247526646,0,1,1
144,1371,0.032771702855825424,0.04164112247526646,0,1,1
145,1372,0.029397204518318176,0.04164112247526646,0,1,1
146,1373,0.02467716485261917,0.04164112247526646,0,1,1
147,1374,0.021305926144123077,0.04164112247526646,0,1,1
148,1375,0.01810293272137642,0.04164112247526646,0,1,1
149,1376,0.012918982654809952,0.04164112247526646,0,1,1
150,1377,0.017419785261154175,0.04164112247526646,0,1,1
151,1378,0.01536251325160265,0.04164112247526646,0,1,1
152,1379,0.01191182341426611,0.04164112247526646,0,1,1
153,1380,0.012766747735440731,0.04164112247526646,0,1,1
154,1381,0.01095590740442276,0.04164112247526646,0,1,1
155,1382,0.008716831915080547,0.04164112247526646,0,1,1
156,1383,0.006200071424245834,0.04164112247526646,0,1,1
157,1384,0.007681632414460182,0.04164112247526646,0,1,1
158,1385,0.0096343494951725,0.04164112247526646,0,1,1
159,1386,0.013920937664806843,0.04164112247526646,0,1,1
160,1387,0.01795462891459465,0.04164112247526646,0,1,1
161,1388,0.03398173302412033,0.04164112247526646,0,1,1
162,1389,0.049063488841056824,0.04164112247526646,0,1,0
163,1390,0.039808545261621475,0.04164112247526646,0,1,1
164,1391,0.02443305402994156,0.04164112247526646,0,1,1
165,1392,0.013023629784584045,0.04164112247526646,0,1,1
166,1393,0.011911515146493912,0.04164112247526646,0,1,1
167,1394,0.014171190559864044,0.04164112247526646,0,1,1
168,1395,0.013564147055149078,0.04164112247526646,0,1,1
169,1396,0.019482940435409546,0.04164112247526646,0,1,1
170,1397,0.016286566853523254,0.04164112247526646,0,1,1
171,1398,0.017243023961782455,0.04164112247526646,0,1,1
172,1399,0.01920720376074314,0.04164112247526646,0,1,1
173,1400,0.019669778645038605,0.04164112247526646,0,1,1
174,1401,0.017401430755853653,0.04164112247526646,0,1,1
175,1402,0.016534054651856422,0.04164112247526646,0,1,1
176,1403,0.01579207181930542,0.04164112247526646,0,1,1
177,1404,0.0184269230812788,0.04164112247526646,0,1,1
178,1405,0.019466929137706757,0.04164112247526646,0,1,1
179,1406,0.012023396790027618,0.04164112247526646,0,1,1
180,1407,0.010346590541303158,0.04164112247526646,0,1,1
181,1408,0.009606199339032173,0.04164112247526646,0,1,1
182,1409,0.00887799821794033,0.04164112247526646,0,1,1
183,1410,0.0074269636534154415,0.04164112247526646,0,1,1
184,1411,0.005998579785227776,0.04164112247526646,0,1,1
185,1412,0.006768213585019112,0.04164112247526646,0,1,1
186,1413,0.007277961820363998,0.04164112247526646,0,1,1
187,1414,0.006714059039950371,0.04164112247526646,0,1,1
188,1415,0.005378999747335911,0.04164112247526646,0,1,1
189,1416,0.005184317007660866,0.04164112247526646,0,1,1
190,1417,0.0063481624238193035,0.04164112247526646,0,1,1
191,1418,0.005858736578375101,0.04164112247526646,0,1,1
192,1419,0.004925872199237347,0.04164112247526646,0,1,1
193,1420,0.004712688270956278,0.04164112247526646,0,1,1
194,1421,0.005321105010807514,0.04164112247526646,0,1,1
195,1422,0.005044081714004278,0.04164112247526646,0,1,1
196,1423,0.0040622977539896965,0.04164112247526646,0,1,1
197,1424,0.004544109106063843,0.04164112247526646,0,1,1
198,1425,0.0054702661000192165,0.04164112247526646,0,1,1
199,1426,0.005550537258386612,0.04164112247526646,0,1,1
200,1427,0.005140132270753384,0.04164112247526646,0,1,1
201,1428,0.004488215781748295,0.04164112247526646,0,1,1
202,1429,0.005570415407419205,0.04164112247526646,0,1,1
203,1430,0.0054908813908696175,0.04164112247526646,0,1,1
204,1431,0.0054033249616622925,0.04164112247526646,0,1,1
205,1432,0.005268676206469536,0.04164112247526646,0,1,1
206,1433,0.004922023043036461,0.04164112247526646,0,1,1
207,1434,0.005577438045293093,0.04164112247526646,0,1,1
208,1435,0.004379964899271727,0.04164112247526646,0,1,1
209,1436,0.004191474989056587,0.04164112247526646,0,1,1
210,1437,0.004784755874425173,0.04164112247526646,0,1,1
211,1438,0.003894802648574114,0.04164112247526646,0,1,1
212,1439,0.003942437004297972,0.04164112247526646,0,1,1
213,1440,0.0033140690065920353,0.04164112247526646,0,1,1
214,1441,0.003782158251851797,0.04164112247526646,0,1,1
215,1442,0.003889641258865595,0.04164112247526646,0,1,1
216,1443,0.0036345920525491238,0.04164112247526646,0,1,1
217,1444,0.004975067917257547,0.04164112247526646,0,1,1
218,1445,0.005121941212564707,0.04164112247526646,0,1,1
219,1446,0.00506857642903924,0.04164112247526646,0,1,1
220,1447,0.004857540130615234,0.04164112247526646,0,1,1
221,1448,0.006158776115626097,0.04164112247526646,0,1,1
222,1449,0.0069809406995773315,0.04164112247526646,0,1,1
223,1450,0.008151776157319546,0.04164112247526646,0,1,1
224,1451,0.006355199497193098,0.04164112247526646,0,1,1
225,1452,0.005086250603199005,0.04164112247526646,0,1,1
226,1453,0.004943498410284519,0.04164112247526646,0,1,1
227,1454,0.005232095252722502,0.04164112247526646,0,1,1
228,1455,0.004623623564839363,0.04164112247526646,0,1,1
229,1456,0.004568691365420818,0.04164112247526646,0,1,1
230,1457,0.004063082858920097,0.04164112247526646,0,1,1
231,1458,0.004257307853549719,0.04164112247526646,0,1,1
232,1459,0.005388687364757061,0.04164112247526646,0,1,1
233,1460,0.004965400323271751,0.04164112247526646,0,1,1
234,1461,0.006203497759997845,0.04164112247526646,0,1,1
235,1462,0.005624184384942055,0.04164112247526646,0,1,1
236,1463,0.0052810958586633205,0.04164112247526646,0,1,1
237,1464,0.008603887632489204,0.04164112247526646,0,1,1
238,1465,0.0097097959369421,0.04164112247526646,0,1,1
239,1466,0.007506457157433033,0.04164112247526646,0,1,1
240,1467,0.00838155671954155,0.04164112247526646,0,1,1
241,1468,0.014567207545042038,0.04164112247526646,0,1,1
242,1469,0.015440557152032852,0.04164112247526646,0,1,1
243,1470,0.015588239766657352,0.04164112247526646,0,1,1
244,1471,0.014005040749907494,0.04164112247526646,0,1,1
245,1472,0.011034339666366577,0.04164112247526646,0,1,1
246,1473,0.01598888821899891,0.04164112247526646,0,1,1
247,1474,0.016700925305485725,0.04164112247526646,0,1,1
248,1475,0.01518385298550129,0.04164112247526646,0,1,1
249,1476,0.016613483428955078,0.04164112247526646,0,1,1
250,1477,0.01845967397093773,0.04164112247526646,0,1,1
251,1478,0.015206219628453255,0.04164112247526646,0,1,1
252,1479,0.018417365849018097,0.04164112247526646,0,1,1
253,1480,0.02097969874739647,0.04164112247526646,0,1,1
254,1481,0.022778110578656197,0.04164112247526646,0,1,1
255,1482,0.025121644139289856,0.04164112247526646,0,1,1
256,1483,0.0314326211810112,0.04164112247526646,0,1,1
257,1484,0.022708401083946228,0.04164112247526646,0,1,1
258,1485,0.023670289665460587,0.04164112247526646,0,1,1
259,1486,0.015802418813109398,0.04164112247526646,0,1,1
260,1487,0.02234513685107231,0.04164112247526646,0,1,1
261,1488,0.031112510710954666,0.04164112247526646,0,1,1
262,1489,0.03576233610510826,0.04164112247526646,0,1,1
263,1490,0.035434264689683914,0.04164112247526646,0,1,1
264,1491,0.03478836268186569,0.04164112247526646,0,1,1
265,1492,0.038599930703639984,0.04164112247526646,0,1,1
266,1493,0.03928748518228531,0.04164112247526646,0,1,1
267,1494,0.035638682544231415,0.04164112247526646,0,1,1
268,1495,0.04778676852583885,0.04164112247526646,0,1,0
269,1496,0.04552237689495087,0.04164112247526646,0,1,0
270,1497,0.04161619395017624,0.04164112247526646,0,1,1
271,1498,0.05218428373336792,0.04164112247526646,0,1,0
272,1499,0.06028766930103302,0.04164112247526646,0,1,0
273,1500,0.06825847923755646,0.04164112247526646,0,1,0
274,1501,0.07261250168085098,0.04164112247526646,0,1,0
275,1502,0.0663425624370575,0.04164112247526646,0,1,0
276,1503,0.09336435794830322,0.04164112247526646,0,1,0
277,1504,0.12256664037704468,0.04164112247526646,0,1,0
278,1505,0.05661416053771973,0.04164112247526646,0,1,0
279,1506,0.06552223116159439,0.04164112247526646,0,1,0
280,1507,0.08986301720142365,0.04164112247526646,0,1,0
281,1508,0.09695572406053543,0.04164112247526646,0,1,0
282,1509,0.045171935111284256,0.04164112247526646,0,1,0
283,1510,0.036582108587026596,0.04164112247526646,0,1,1
284,1511,0.03886810690164566,0.04164112247526646,0,1,1
285,1512,0.03914623707532883,0.04164112247526646,0,1,1
286,1513,0.023186855018138885,0.04164112247526646,0,1,1
287,1514,0.029941432178020477,0.04164112247526646,0,1,1
288,1515,0.02413896843791008,0.04164112247526646,0,1,1
289,1516,0.01965394802391529,0.04164112247526646,0,1,1
290,1517,0.018864726647734642,0.04164112247526646,0,1,1
291,1518,0.01496471930295229,0.04164112247526646,0,1,1
292,1519,0.013781415298581123,0.04164112247526646,0,1,1
293,1520,0.012129628099501133,0.04164112247526646,0,1,1
294,1521,0.010479439049959183,0.04164112247526646,0,1,1
295,1522,0.013500325381755829,0.04164112247526646,0,1,1
296,1523,0.008857041597366333,0.04164112247526646,0,1,1
297,1524,0.008273810148239136,0.04164112247526646,0,1,1
298,1525,0.0087349284440279,0.04164112247526646,0,1,1
299,1526,0.007993114180862904,0.04164112247526646,0,1,1
300,1527,0.007283050566911697,0.04164112247526646,0,1,1
301,1528,0.006341153290122747,0.04164112247526646,0,1,1
302,1529,0.004294576123356819,0.04164112247526646,0,1,1
303,1530,0.004589993506669998,0.04164112247526646,0,1,1
304,1531,0.004575541242957115,0.04164112247526646,0,1,1
305,1532,0.003951745107769966,0.04164112247526646,0,1,1
306,1533,0.0036212014965713024,0.04164112247526646,0,1,1
307,1534,0.0036379355005919933,0.04164112247526646,0,1,1
308,1535,0.003994072787463665,0.04164112247526646,0,1,1
309,1536,0.0040032146498560905,0.04164112247526646,0,1,1
310,1537,0.003302929690107703,0.04164112247526646,0,1,1
311,1538,0.0012960219755768776,0.04164112247526646,0,1,1
312,1539,0.0017405875260010362,0.04164112247526646,0,1,1
313,1540,0.0017019591759890318,0.04164112247526646,0,1,1
314,1541,0.001824066275730729,0.04164112247526646,0,1,1
315,1542,0.0017364546656608582,0.04164112247526646,0,1,1
316,1543,0.0019094011513516307,0.04164112247526646,0,1,1
317,1544,0.0018787144217640162,0.04164112247526646,0,1,1
318,1545,0.002243589609861374,0.04164112247526646,0,1,1
319,1546,0.0019709221087396145,0.04164112247526646,0,1,1
320,1547,0.0018223351798951626,0.04164112247526646,0,1,1
321,1548,0.0020779548212885857,0.04164112247526646,0,1,1
322,1549,0.002027898794040084,0.04164112247526646,0,1,1
323,1550,0.0020816009491682053,0.04164112247526646,0,1,1
324,1551,0.001975109800696373,0.04164112247526646,0,1,1
325,1552,0.0024347263388335705,0.04164112247526646,0,1,1
326,1553,0.0021351606119424105,0.04164112247526646,0,1,1
327,1554,0.002153972163796425,0.04164112247526646,0,1,1
328,1555,0.0019540004432201385,0.04164112247526646,0,1,1
329,1556,0.0022937082685530186,0.04164112247526646,0,1,1
330,1557,0.002215395448729396,0.04164112247526646,0,1,1
331,1558,0.0016887758392840624,0.04164112247526646,0,1,1
332,1559,0.0019624310079962015,0.04164112247526646,0,1,1
333,1560,0.0018153612036257982,0.04164112247526646,0,1,1
334,1561,0.0019312191288918257,0.04164112247526646,0,1,1
335,1562,0.0018265582621097565,0.04164112247526646,0,1,1
336,1563,0.0016767863417044282,0.04164112247526646,0,1,1
337,1564,0.001910895574837923,0.04164112247526646,0,1,1
338,1565,0.0017320006154477596,0.04164112247526646,0,1,1
339,1566,0.001697915606200695,0.04164112247526646,0,1,1
340,1567,0.001738735823892057,0.04164112247526646,0,1,1
341,1568,0.001468134461902082,0.04164112247526646,0,1,1
342,1569,0.0014920367393642664,0.04164112247526646,0,1,1
343,1570,0.001355970511212945,0.04164112247526646,0,1,1
344,1571,0.0013453576248139143,0.04164112247526646,0,1,1
345,1572,0.0015179829206317663,0.04164112247526646,0,1,1
346,1573,0.0015276592457666993,0.04164112247526646,0,1,1
347,1574,0.0016643509734421968,0.04164112247526646,0,1,1
348,1575,0.0015758986119180918,0.04164112247526646,0,1,1
349,1576,0.0017670753877609968,0.04164112247526646,0,1,1
350,1577,0.001740152481943369,0.04164112247526646,0,1,1
351,1578,0.0016999115468934178,0.04164112247526646,0,1,1
352,1579,0.0016421633772552013,0.04164112247526646,0,1,1
353,1580,0.0018528959481045604,0.04164112247526646,0,1,1
354,1581,0.001703751739114523,0.04164112247526646,0,1,1
355,1582,0.002017851220443845,0.04164112247526646,0,1,1
356,1583,0.0018514079274609685,0.04164112247526646,0,1,1
357,1584,0.001950011239387095,0.04164112247526646,0,1,1
358,1585,0.002013792283833027,0.04164112247526646,0,1,1
359,1586,0.002019213978201151,0.04164112247526646,0,1,1
360,1587,0.002243754919618368,0.04164112247526646,0,1,1
361,1588,0.001819204306229949,0.04164112247526646,0,1,1
362,1589,0.0023889008443802595,0.04164112247526646,0,1,1
363,1590,0.0020484349224716425,0.04164112247526646,0,1,1
364,1591,0.0020092586055397987,0.04164112247526646,0,1,1
365,1592,0.0020141315180808306,0.04164112247526646,0,1,1
366,1593,0.0020315481815487146,0.04164112247526646,0,1,1
367,1594,0.001818537712097168,0.04164112247526646,0,1,1
368,1595,0.0019980771467089653,0.04164112247526646,0,1,1
369,1596,0.0014521470293402672,0.04164112247526646,0,1,1
370,1597,0.0017804238013923168,0.04164112247526646,0,1,1
371,1598,0.0014024472329765558,0.04164112247526646,0,1,1
372,1599,0.001592652522958815,0.04164112247526646,0,1,1
373,1600,0.0018934063846245408,0.04164112247526646,0,1,1
374,1601,0.0016099239001050591,0.04164112247526646,0,1,1
375,1602,0.0016239054966717958,0.04164112247526646,0,1,1
376,1603,0.0015746934805065393,0.04164112247526646,0,1,1
377,1604,0.0016256171511486173,0.04164112247526646,0,1,1
378,1605,0.0016112361336126924,0.04164112247526646,0,1,1
379,1606,0.0017014620825648308,0.04164112247526646,0,1,1
380,1607,0.001503541599959135,0.04164112247526646,0,1,1
381,1608,0.001591370557434857,0.04164112247526646,0,1,1
382,1609,0.001443924498744309,0.04164112247526646,0,1,1
383,1610,0.001847876701503992,0.04164112247526646,0,1,1
384,1611,0.0016897766618058085,0.04164112247526646,0,1,1
385,1612,0.0020285905338823795,0.04164112247526646,0,1,1
386,1613,0.0017442818498238921,0.04164112247526646,0,1,1
387,1614,0.0018973444821313024,0.04164112247526646,0,1,1
388,1615,0.002282612957060337,0.04164112247526646,0,1,1
389,1616,0.0030167975928634405,0.04164112247526646,0,1,1
390,1617,0.0033931382931768894,0.04164112247526646,0,1,1
391,1618,0.0041799689643085,0.04164112247526646,0,1,1
392,1619,0.005177467130124569,0.04164112247526646,0,1,1
393,1620,0.006229189690202475,0.04164112247526646,0,1,1
394,1621,0.01086505874991417,0.04164112247526646,0,1,1
395,1622,0.015069322660565376,0.04164112247526646,0,1,1
396,1623,0.023259658366441727,0.04164112247526646,0,1,1
397,1624,0.02813543751835823,0.04164112247526646,0,1,1
398,1625,0.02206221967935562,0.04164112247526646,0,1,1
399,1626,0.022543765604496002,0.04164112247526646,0,1,1
400,1627,0.024532500654459,0.04164112247526646,0,1,1
401,1628,0.018175842240452766,0.04164112247526646,0,1,1
402,1629,0.021258803084492683,0.04164112247526646,0,1,1
403,1630,0.018636973574757576,0.04164112247526646,0,1,1
404,1631,0.01992497406899929,0.04164112247526646,0,1,1
405,1632,0.020381223410367966,0.04164112247526646,0,1,1
406,1633,0.020438939332962036,0.04164112247526646,0,1,1
407,1634,0.02579064667224884,0.04164112247526646,0,1,1
408,1635,0.024466294795274734,0.04164112247526646,0,1,1
409,1636,0.022355757653713226,0.04164112247526646,0,1,1
410,1637,0.011290064081549644,0.04164112247526646,0,1,1
411,1638,0.01159152202308178,0.04164112247526646,0,1,1
412,1639,0.009168693795800209,0.04164112247526646,0,1,1
413,1640,0.008074793964624405,0.04164112247526646,0,1,1
414,1641,0.009300267323851585,0.04164112247526646,0,1,1
415,1642,0.008727513253688812,0.04164112247526646,0,1,1
416,1643,0.0060226768255233765,0.04164112247526646,0,1,1
417,1644,0.004941710736602545,0.04164112247526646,0,1,1
418,1645,0.004391784314066172,0.04164112247526646,0,1,1
419,1646,0.003714299760758877,0.04164112247526646,0,1,1
420,1647,0.0034413360990583897,0.04164112247526646,0,1,1
421,1648,0.0034779361449182034,0.04164112247526646,0,1,1
422,1649,0.003758154110983014,0.04164112247526646,0,1,1
423,1650,0.004044320899993181,0.04164112247526646,0,1,1
424,1651,0.003950991202145815,0.04164112247526646,0,1,1
425,1652,0.004361352417618036,0.04164112247526646,0,1,1
426,1653,0.00555823789909482,0.04164112247526646,0,1,1
427,1654,0.005787355825304985,0.04164112247526646,0,1,1
428,1655,0.0051492005586624146,0.04164112247526646,0,1,1
429,1656,0.004628242924809456,0.04164112247526646,0,1,1
430,1657,0.00511219073086977,0.04164112247526646,0,1,1
431,1658,0.005247572436928749,0.04164112247526646,0,1,1
432,1659,0.005019507370889187,0.04164112247526646,0,1,1
433,1660,0.0047970786690711975,0.04164112247526646,0,1,1
434,1661,0.004936435725539923,0.04164112247526646,0,1,1
435,1662,0.004655677359551191,0.04164112247526646,0,1,1
436,1663,0.003974151331931353,0.04164112247526646,0,1,1
437,1664,0.004432188346982002,0.04164112247526646,0,1,1
438,1665,0.004573014564812183,0.04164112247526646,0,1,1
439,1666,0.004565820097923279,0.04164112247526646,0,1,1
440,1667,0.00425601564347744,0.04164112247526646,0,1,1
441,1668,0.0041313013061881065,0.04164112247526646,0,1,1
442,1669,0.003951467573642731,0.04164112247526646,0,1,1
443,1670,0.003890051506459713,0.04164112247526646,0,1,1
444,1671,0.0037062736228108406,0.04164112247526646,0,1,1
445,1672,0.003977443091571331,0.04164112247526646,0,1,1
446,1673,0.004189196042716503,0.04164112247526646,0,1,1
447,1674,0.004042773973196745,0.04164112247526646,0,1,1
448,1675,0.00434613972902298,0.04164112247526646,0,1,1
449,1676,0.0039044716395437717,0.04164112247526646,0,1,1
450,1677,0.004496500361710787,0.04164112247526646,0,1,1
451,1678,0.004749368876218796,0.04164112247526646,0,1,1
452,1679,0.0035350369289517403,0.04164112247526646,0,1,1
453,1680,0.0039386749267578125,0.04164112247526646,0,1,1
454,1681,0.004316986538469791,0.04164112247526646,0,1,1
455,1682,0.0047867861576378345,0.04164112247526646,0,1,1
456,1683,0.0044125039130449295,0.04164112247526646,0,1,1
457,1684,0.00419122539460659,0.04164112247526646,0,1,1
458,1685,0.00541265681385994,0.04164112247526646,0,1,1
459,1686,0.006067291833460331,0.04164112247526646,0,1,1
460,1687,0.005421295762062073,0.04164112247526646,0,1,1
461,1688,0.005190725438296795,0.04164112247526646,0,1,1
462,1689,0.005152801051735878,0.04164112247526646,0,1,1
463,1690,0.005391418002545834,0.04164112247526646,0,1,1
464,1691,0.005303765181452036,0.04164112247526646,0,1,1
465,1692,0.004855210892856121,0.04164112247526646,0,1,1
466,1693,0.0052489787340164185,0.04164112247526646,0,1,1
467,1694,0.005186072550714016,0.04164112247526646,0,1,1
468,1695,0.005010958760976791,0.04164112247526646,0,1,1
469,1696,0.0048041692934930325,0.04164112247526646,0,1,1
470,1697,0.004888494964689016,0.04164112247526646,0,1,1
471,1698,0.005248976871371269,0.04164112247526646,0,1,1
472,1699,0.005742326378822327,0.04164112247526646,0,1,1
473,1700,0.0050439126789569855,0.04164112247526646,0,1,1
474,1701,0.004779334180057049,0.04164112247526646,0,1,1
475,1702,0.00420667789876461,0.04164112247526646,0,1,1
476,1703,0.003934206906706095,0.04164112247526646,0,1,1
477,1704,0.004206945188343525,0.04164112247526646,0,1,1
478,1705,0.0036707522813230753,0.04164112247526646,0,1,1
479,1706,0.004124484024941921,0.04164112247526646,0,1,1
480,1707,0.004308995790779591,0.04164112247526646,0,1,1
481,1708,0.004815299063920975,0.04164112247526646,0,1,1
482,1709,0.004943340551108122,0.04164112247526646,0,1,1
483,1710,0.005294972099363804,0.04164112247526646,0,1,1
484,1711,0.0057416511699557304,0.04164112247526646,0,1,1
485,1712,0.005250137764960527,0.04164112247526646,0,1,1
486,1713,0.005480029620230198,0.04164112247526646,0,1,1
487,1714,0.005153182428330183,0.04164112247526646,0,1,1
488,1715,0.006283246912062168,0.04164112247526646,0,1,1
489,1716,0.0063499873504042625,0.04164112247526646,0,1,1
490,1717,0.007603730075061321,0.04164112247526646,0,1,1
491,1718,0.007911895401775837,0.04164112247526646,0,1,1
492,1719,0.006575908046215773,0.04164112247526646,0,1,1
493,1720,0.009692331776022911,0.04164112247526646,0,1,1
494,1721,0.011254435405135155,0.04164112247526646,0,1,1
495,1722,0.011289715766906738,0.04164112247526646,0,1,1
496,1723,0.011684102937579155,0.04164112247526646,0,1,1
497,1724,0.011659393087029457,0.04164112247526646,0,1,1
498,1725,0.01225054170936346,0.04164112247526646,0,1,1
499,1726,0.013882225379347801,0.04164112247526646,0,1,1
500,1727,0.013877969235181808,0.04164112247526646,0,1,1
501,1728,0.014551099389791489,0.04164112247526646,0,1,1
502,1729,0.015164322219789028,0.04164112247526646,0,1,1
503,1730,0.010836746543645859,0.04164112247526646,0,1,1
504,1731,0.012517252936959267,0.04164112247526646,0,1,1
505,1732,0.010203603655099869,0.04164112247526646,0,1,1
506,1733,0.009399635717272758,0.04164112247526646,0,1,1
507,1734,0.008893673308193684,0.04164112247526646,0,1,1
508,1735,0.005993273109197617,0.04164112247526646,0,1,1
509,1736,0.006488211452960968,0.04164112247526646,0,1,1
510,1737,0.005104568786919117,0.04164112247526646,0,1,1
511,1738,0.0038738835137337446,0.04164112247526646,0,1,1
512,1739,0.0022427416406571865,0.04164112247526646,0,1,1
513,1740,0.002536051906645298,0.04164112247526646,0,1,1
514,1741,0.002776805078610778,0.04164112247526646,0,1,1
515,1742,0.002136815572157502,0.04164112247526646,0,1,1
516,1743,0.0019603853579610586,0.04164112247526646,0,1,1
517,1744,0.0020759892649948597,0.04164112247526646,0,1,1
518,1745,0.0031137762125581503,0.04164112247526646,0,1,1
519,1746,0.004989858716726303,0.04164112247526646,0,1,1
520,1747,0.0022826797794550657,0.04164112247526646,0,1,1
521,1748,0.002863387344405055,0.04164112247526646,0,1,1
522,1749,0.003206521738320589,0.04164112247526646,0,1,1
523,1750,0.004577281419187784,0.04164112247526646,0,1,1
524,1751,0.004189806524664164,0.04164112247526646,0,1,1
525,1752,0.005956677719950676,0.04164112247526646,0,1,1
526,1753,0.0073064230382442474,0.04164112247526646,0,1,1
527,1754,0.00749525660648942,0.04164112247526646,0,1,1
528,1755,0.010026377625763416,0.04164112247526646,0,1,1
529,1756,0.012158221565186977,0.04164112247526646,0,1,1
530,1757,0.014733410440385342,0.04164112247526646,0,1,1
531,1758,0.027395065873861313,0.04164112247526646,0,1,1
532,1759,0.017927156761288643,0.04164112247526646,0,1,1
533,1760,0.02187216468155384,0.04164112247526646,0,1,1
534,1761,0.03239802271127701,0.04164112247526646,0,1,1
535,1762,0.05859808623790741,0.04164112247526646,0,1,0
536,1763,0.028824137523770332,0.04164112247526646,0,1,1
537,1764,0.01992763951420784,0.04164112247526646,0,1,1
538,1765,0.024355707690119743,0.04164112247526646,0,1,1
539,1766,0.01929827220737934,0.04164112247526646,0,1,1
540,1767,0.01716446503996849,0.04164112247526646,0,1,1
541,1768,0.012464208528399467,0.04164112247526646,0,1,1
542,1769,0.012783744372427464,0.04164112247526646,0,1,1
543,1770,0.023813452571630478,0.04164112247526646,0,1,1
544,1771,0.01925874501466751,0.04164112247526646,0,1,1
545,1772,0.015849247574806213,0.04164112247526646,0,1,1
546,1773,0.013002008199691772,0.04164112247526646,0,1,1
547,1774,0.010979345068335533,0.04164112247526646,0,1,1
548,1775,0.012748178094625473,0.04164112247526646,0,1,1
549,1776,0.011561084538698196,0.04164112247526646,0,1,1
550,1777,0.012821106240153313,0.04164112247526646,0,1,1
551,1778,0.00976547785103321,0.04164112247526646,0,1,1
552,1779,0.005943581461906433,0.04164112247526646,0,1,1
553,1780,0.0036965457256883383,0.04164112247526646,0,1,1
554,1781,0.002495335415005684,0.04164112247526646,0,1,1
555,1782,0.0032554909121245146,0.04164112247526646,0,1,1
556,1783,0.004459681920707226,0.04164112247526646,0,1,1
557,1784,0.002793739316985011,0.04164112247526646,0,1,1
558,1785,0.0030104226898401976,0.04164112247526646,0,1,1
559,1786,0.0029751844704151154,0.04164112247526646,0,1,1
560,1787,0.0030502453446388245,0.04164112247526646,0,1,1
561,1788,0.0029427451081573963,0.04164112247526646,0,1,1
562,1789,0.0031696443911641836,0.04164112247526646,0,1,1
563,1790,0.0042650350369513035,0.04164112247526646,0,1,1
564,1791,0.004816296976059675,0.04164112247526646,0,1,1
565,1792,0.005106915719807148,0.04164112247526646,0,1,1
566,1793,0.0042715491726994514,0.04164112247526646,0,1,1
567,1794,0.005275593604892492,0.04164112247526646,0,1,1
568,1795,0.007303865160793066,0.04164112247526646,0,1,1
569,1796,0.007689004763960838,0.04164112247526646,0,1,1
570,1797,0.00861191563308239,0.04164112247526646,0,1,1
571,1798,0.012340454384684563,0.04164112247526646,0,1,1
572,1799,0.01688922941684723,0.04164112247526646,0,1,1
573,1800,0.016569029539823532,0.04164112247526646,0,1,1
574,1801,0.019528977572917938,0.04164112247526646,0,1,1
575,1802,0.012970596551895142,0.04164112247526646,0,1,1
576,1803,0.011116615496575832,0.04164112247526646,0,1,1
577,1804,0.011122140102088451,0.04164112247526646,0,1,1
578,1805,0.012213010340929031,0.04164112247526646,0,1,1
579,1806,0.009699709713459015,0.04164112247526646,0,1,1
580,1807,0.007958661764860153,0.04164112247526646,0,1,1
581,1808,0.008116682060062885,0.04164112247526646,0,1,1
582,1809,0.008469833061099052,0.04164112247526646,0,1,1
583,1810,0.007445401977747679,0.04164112247526646,0,1,1
584,1811,0.008191889151930809,0.04164112247526646,0,1,1
585,1812,0.007204572204500437,0.04164112247526646,0,1,1
586,1813,0.0057867299765348434,0.04164112247526646,0,1,1
587,1814,0.005737145431339741,0.04164112247526646,0,1,1
588,1815,0.0058640786446630955,0.04164112247526646,0,1,1
589,1816,0.006262112408876419,0.04164112247526646,0,1,1
590,1817,0.0060117654502391815,0.04164112247526646,0,1,1
591,1818,0.004963337443768978,0.04164112247526646,0,1,1
592,1819,0.005628599319607019,0.04164112247526646,0,1,1
593,1820,0.00589544465765357,0.04164112247526646,0,1,1
594,1821,0.006354060955345631,0.04164112247526646,0,1,1
595,1822,0.006215838715434074,0.04164112247526646,0,1,1
596,1823,0.00617025513201952,0.04164112247526646,0,1,1
597,1824,0.007394944783300161,0.04164112247526646,0,1,1
598,1825,0.006880944594740868,0.04164112247526646,0,1,1
599,1826,0.005891379900276661,0.04164112247526646,0,1,1
600,1827,0.005410267040133476,0.04164112247526646,0,1,1
601,1828,0.006091707851737738,0.04164112247526646,0,1,1
602,1829,0.006175228860229254,0.04164112247526646,0,1,1
603,1830,0.006200901698321104,0.04164112247526646,0,1,1
604,1831,0.008705559186637402,0.04164112247526646,0,1,1
605,1832,0.01082170382142067,0.04164112247526646,0,1,1
606,1833,0.011839935556054115,0.04164112247526646,0,1,1
607,1834,0.012969416566193104,0.04164112247526646,0,1,1
608,1835,0.013943121768534184,0.04164112247526646,0,1,1
609,1836,0.01041032001376152,0.04164112247526646,0,1,1
610,1837,0.010685085318982601,0.04164112247526646,0,1,1
611,1838,0.011794221587479115,0.04164112247526646,0,1,1
612,1839,0.009546496905386448,0.04164112247526646,0,1,1
613,1840,0.01286393404006958,0.04164112247526646,0,1,1
614,1841,0.012063557282090187,0.04164112247526646,0,1,1
615,1842,0.024741997942328453,0.04164112247526646,0,1,1
616,1843,0.02139853686094284,0.04164112247526646,0,1,1
617,1844,0.021706895902752876,0.04164112247526646,0,1,1
618,1845,0.018314898014068604,0.04164112247526646,0,1,1
619,1846,0.020160503685474396,0.04164112247526646,0,1,1
620,1847,0.04284270480275154,0.04164112247526646,0,1,0
621,1848,0.05627838522195816,0.04164112247526646,0,1,0
622,1849,0.03716248273849487,0.04164112247526646,0,1,1
623,1850,0.05765246972441673,0.04164112247526646,0,1,0
624,1851,0.059009477496147156,0.04164112247526646,0,1,0
625,1852,0.044868551194667816,0.04164112247526646,0,1,0
626,1853,0.03828376904129982,0.04164112247526646,0,1,1
627,1854,0.032804034650325775,0.04164112247526646,0,1,1
628,1855,0.02835816517472267,0.04164112247526646,0,1,1
629,1856,0.032966747879981995,0.04164112247526646,0,1,1
630,1857,0.02044173702597618,0.04164112247526646,0,1,1
631,1858,0.028610259294509888,0.04164112247526646,0,1,1
632,1859,0.017017096281051636,0.04164112247526646,0,1,1
633,1860,0.01361011527478695,0.04164112247526646,0,1,1
634,1861,0.015267051756381989,0.04164112247526646,0,1,1
635,1862,0.011812292970716953,0.04164112247526646,0,1,1
636,1863,0.00983208417892456,0.04164112247526646,0,1,1
637,1864,0.0058581288903951645,0.04164112247526646,0,1,1
638,1865,0.006490330211818218,0.04164112247526646,0,1,1
639,1866,0.009914441034197807,0.04164112247526646,0,1,1
640,1867,0.013465812429785728,0.04164112247526646,0,1,1
641,1868,0.012396332807838917,0.04164112247526646,0,1,1
642,1869,0.011272412724792957,0.04164112247526646,0,1,1
643,1870,0.009012771770358086,0.04164112247526646,0,1,1
644,1871,0.010432114824652672,0.04164112247526646,0,1,1
645,1872,0.009641643613576889,0.04164112247526646,0,1,1
646,1873,0.006762716919183731,0.04164112247526646,0,1,1
647,1874,0.00784100592136383,0.04164112247526646,0,1,1
648,1875,0.005250636953860521,0.04164112247526646,0,1,1
649,1876,0.004598447121679783,0.04164112247526646,0,1,1
650,1877,0.004386771935969591,0.04164112247526646,0,1,1
651,1878,0.003929285332560539,0.04164112247526646,0,1,1
652,1879,0.004480063449591398,0.04164112247526646,0,1,1
653,1880,0.0048388405703008175,0.04164112247526646,0,1,1
654,1881,0.004230203106999397,0.04164112247526646,0,1,1
655,1882,0.003964812494814396,0.04164112247526646,0,1,1
656,1883,0.003443000139668584,0.04164112247526646,0,1,1
657,1884,0.00350011745467782,0.04164112247526646,0,1,1
658,1885,0.005164463073015213,0.04164112247526646,0,1,1
659,1886,0.006167958490550518,0.04164112247526646,0,1,1
660,1887,0.00619079964235425,0.04164112247526646,0,1,1
661,1888,0.004681136924773455,0.04164112247526646,0,1,1
662,1889,0.0055429087951779366,0.04164112247526646,0,1,1
663,1890,0.006150992587208748,0.04164112247526646,0,1,1
664,1891,0.005615775473415852,0.04164112247526646,0,1,1
665,1892,0.004387049004435539,0.04164112247526646,0,1,1
666,1893,0.003853985108435154,0.04164112247526646,0,1,1
667,1894,0.003053354099392891,0.04164112247526646,0,1,1
668,1895,0.003216133452951908,0.04164112247526646,0,1,1
669,1896,0.00281456857919693,0.04164112247526646,0,1,1
670,1897,0.002506533171981573,0.04164112247526646,0,1,1
671,1898,0.002331959316506982,0.04164112247526646,0,1,1
672,1899,0.0024113559629768133,0.04164112247526646,0,1,1
673,1900,0.002221910748630762,0.04164112247526646,0,1,1
674,1901,0.0031060250476002693,0.04164112247526646,0,1,1
675,1902,0.002933383220806718,0.04164112247526646,0,1,1
676,1903,0.0029826501850038767,0.04164112247526646,0,1,1
677,1904,0.004320206120610237,0.04164112247526646,0,1,1
678,1905,0.004387976136058569,0.04164112247526646,0,1,1
679,1906,0.002786580938845873,0.04164112247526646,0,1,1
680,1907,0.0029746899381279945,0.04164112247526646,0,1,1
681,1908,0.002644440159201622,0.04164112247526646,0,1,1
682,1909,0.0034766923636198044,0.04164112247526646,0,1,1
683,1910,0.0034957523457705975,0.04164112247526646,0,1,1
684,1911,0.0028463886119425297,0.04164112247526646,0,1,1
685,1912,0.0026492555625736713,0.04164112247526646,0,1,1
686,1913,0.0033663795329630375,0.04164112247526646,0,1,1
687,1914,0.0027279944624751806,0.04164112247526646,0,1,1
688,1915,0.0037718727253377438,0.04164112247526646,0,1,1
689,1916,0.0035264533944427967,0.04164112247526646,0,1,1
690,1917,0.003978129010647535,0.04164112247526646,0,1,1
691,1918,0.005315328016877174,0.04164112247526646,0,1,1
692,1919,0.0045341067016124725,0.04164112247526646,0,1,1
693,1920,0.0050498410128057,0.04164112247526646,0,1,1
694,1921,0.005920664872974157,0.04164112247526646,0,1,1
695,1922,0.00537390261888504,0.04164112247526646,0,1,1
696,1923,0.005836003459990025,0.04164112247526646,0,1,1
697,1924,0.004641535691916943,0.04164112247526646,0,1,1
698,1925,0.0032084311824291945,0.04164112247526646,0,1,1
699,1926,0.0037052177358418703,0.04164112247526646,0,1,1
700,1927,0.0027665758971124887,0.04164112247526646,0,1,1
701,1928,0.0026631979271769524,0.04164112247526646,0,1,1
702,1929,0.002786848694086075,0.04164112247526646,0,1,1
703,1930,0.0025444221682846546,0.04164112247526646,0,1,1
704,1931,0.0030453468207269907,0.04164112247526646,0,1,1
705,1932,0.0033692987635731697,0.04164112247526646,0,1,1
706,1933,0.0025058516766875982,0.04164112247526646,0,1,1
707,1934,0.0028170382138341665,0.04164112247526646,0,1,1
708,1935,0.002847053809091449,0.04164112247526646,0,1,1
709,1936,0.002537522930651903,0.04164112247526646,0,1,1
710,1937,0.002817272674292326,0.04164112247526646,0,1,1
711,1938,0.002692515030503273,0.04164112247526646,0,1,1
712,1939,0.0019386629574000835,0.04164112247526646,0,1,1
713,1940,0.001677138963714242,0.04164112247526646,0,1,1
714,1941,0.0018392030615359545,0.04164112247526646,0,1,1
715,1942,0.0021366472356021404,0.04164112247526646,0,1,1
716,1943,0.0016292105428874493,0.04164112247526646,0,1,1
717,1944,0.0016659627435728908,0.04164112247526646,0,1,1
718,1945,0.001805615029297769,0.04164112247526646,0,1,1
719,1946,0.001616079593077302,0.04164112247526646,0,1,1
720,1947,0.0018635685555636883,0.04164112247526646,0,1,1
721,1948,0.0017827368574216962,0.04164112247526646,0,1,1
722,1949,0.0018498169956728816,0.04164112247526646,0,1,1
723,1950,0.0018534483388066292,0.04164112247526646,0,1,1
724,1951,0.002028607064858079,0.04164112247526646,0,1,1
725,1952,0.002163307974115014,0.04164112247526646,0,1,1
726,1953,0.0018188765970990062,0.04164112247526646,0,1,1
727,1954,0.0020228340290486813,0.04164112247526646,0,1,1
728,1955,0.001703575486317277,0.04164112247526646,0,1,1
729,1956,0.0015659320633858442,0.04164112247526646,0,1,1
730,1957,0.001618270529434085,0.04164112247526646,0,1,1
731,1958,0.0013835947029292583,0.04164112247526646,0,1,1
732,1959,0.0018213499570265412,0.04164112247526646,0,1,1
733,1960,0.0015377304516732693,0.04164112247526646,0,1,1
734,1961,0.0015626481035724282,0.04164112247526646,0,1,1
735,1962,0.0018918646965175867,0.04164112247526646,0,1,1
736,1963,0.0016936357133090496,0.04164112247526646,0,1,1
737,1964,0.0020590624772012234,0.04164112247526646,0,1,1
738,1965,0.0017118016257882118,0.04164112247526646,0,1,1
739,1966,0.0014559453120455146,0.04164112247526646,0,1,1
740,1967,0.0015148853417485952,0.04164112247526646,0,1,1
741,1968,0.0015490727964788675,0.04164112247526646,0,1,1
742,1969,0.00167283252812922,0.04164112247526646,0,1,1
743,1970,0.0016782899620011449,0.04164112247526646,0,1,1
744,1971,0.0016276479000225663,0.04164112247526646,0,1,1
745,1972,0.0019091709982603788,0.04164112247526646,0,1,1
746,1973,0.00171096867416054,0.04164112247526646,0,1,1
747,1974,0.001988751348108053,0.04164112247526646,0,1,1
748,1975,0.0021766184363514185,0.04164112247526646,0,1,1
749,1976,0.002007255796343088,0.04164112247526646,0,1,1
750,1977,0.0024532685056328773,0.04164112247526646,0,1,1
751,1978,0.0024626171216368675,0.04164112247526646,0,1,1
752,1979,0.0029946567956358194,0.04164112247526646,0,1,1
753,1980,0.0033605298958718777,0.04164112247526646,0,1,1
754,1981,0.0034863899927586317,0.04164112247526646,0,1,1
755,1982,0.003720190841704607,0.04164112247526646,0,1,1
756,1983,0.004764997400343418,0.04164112247526646,0,1,1
757,1984,0.006476033478975296,0.04164112247526646,0,1,1
758,1985,0.005525410175323486,0.04164112247526646,0,1,1
759,1986,0.005432696081697941,0.04164112247526646,0,1,1
760,1987,0.006629968527704477,0.04164112247526646,0,1,1
761,1988,0.00583435595035553,0.04164112247526646,0,1,1
762,1989,0.010613545775413513,0.04164112247526646,0,1,1
763,1990,0.007675037253648043,0.04164112247526646,0,1,1
764,1991,0.006197063252329826,0.04164112247526646,0,1,1
765,1992,0.006247681565582752,0.04164112247526646,0,1,1
766,1993,0.00868814717978239,0.04164112247526646,0,1,1
767,1994,0.004366357810795307,0.04164112247526646,0,1,1
768,1995,0.007124724797904491,0.04164112247526646,0,1,1
769,1996,0.00807142537087202,0.04164112247526646,0,1,1
770,1997,0.006600128952413797,0.04164112247526646,0,1,1
771,1998,0.00992807187139988,0.04164112247526646,0,1,1
772,1999,0.010991768911480904,0.04164112247526646,0,1,1
773,2000,0.006043605040758848,0.04164112247526646,0,1,1
774,2001,0.008445411920547485,0.04164112247526646,0,1,1
775,2002,0.007671461906284094,0.04164112247526646,0,1,1
776,2003,0.003206426277756691,0.04164112247526646,0,1,1
777,2004,0.003407275304198265,0.04164112247526646,0,1,1
778,2005,0.0037776546087116003,0.04164112247526646,0,1,1
779,2006,0.004614085424691439,0.04164112247526646,0,1,1
780,2007,0.005815004929900169,0.04164112247526646,0,1,1
781,2008,0.009052400477230549,0.04164112247526646,0,1,1
782,2009,0.0124150849878788,0.04164112247526646,0,1,1
783,2010,0.016934994608163834,0.04164112247526646,0,1,1
784,2011,0.013126533478498459,0.04164112247526646,0,1,1
785,2012,0.008856246247887611,0.04164112247526646,0,1,1
786,2013,0.0060807568952441216,0.04164112247526646,0,1,1
787,2014,0.004978703800588846,0.04164112247526646,0,1,1
788,2015,0.004721090197563171,0.04164112247526646,0,1,1
789,2016,0.0044725071638822556,0.04164112247526646,0,1,1
790,2017,0.004052247852087021,0.04164112247526646,0,1,1
791,2018,0.004233451560139656,0.04164112247526646,0,1,1
792,2019,0.00423781992867589,0.04164112247526646,0,1,1
793,2020,0.004001334309577942,0.04164112247526646,0,1,1
794,2021,0.003501520724967122,0.04164112247526646,0,1,1
795,2022,0.003963818773627281,0.04164112247526646,0,1,1
796,2023,0.00508966576308012,0.04164112247526646,0,1,1
797,2024,0.005378624424338341,0.04164112247526646,0,1,1
798,2025,0.005183743312954903,0.04164112247526646,0,1,1
799,2026,0.004958459176123142,0.04164112247526646,0,1,1
800,2027,0.00482791755348444,0.04164112247526646,0,1,1
801,2028,0.004842719063162804,0.04164112247526646,0,1,1
802,2029,0.004552801605314016,0.04164112247526646,0,1,1
803,2030,0.004782401025295258,0.04164112247526646,0,1,1
804,2031,0.005201708525419235,0.04164112247526646,0,1,1
805,2032,0.005282245576381683,0.04164112247526646,0,1,1
806,2033,0.005216965451836586,0.04164112247526646,0,1,1
807,2034,0.004740814212709665,0.04164112247526646,0,1,1
808,2035,0.004472959320992231,0.04164112247526646,0,1,1
809,2036,0.004480163101106882,0.04164112247526646,0,1,1
810,2037,0.004477102309465408,0.04164112247526646,0,1,1
811,2038,0.00419600261375308,0.04164112247526646,0,1,1
812,2039,0.004175668116658926,0.04164112247526646,0,1,1
813,2040,0.003973581828176975,0.04164112247526646,0,1,1
814,2041,0.004039444960653782,0.04164112247526646,0,1,1
815,2042,0.003914454486221075,0.04164112247526646,0,1,1
816,2043,0.004027084447443485,0.04164112247526646,0,1,1
817,2044,0.00412208866328001,0.04164112247526646,0,1,1
818,2045,0.004460742697119713,0.04164112247526646,0,1,1
819,2046,0.004430428147315979,0.04164112247526646,0,1,1
820,2047,0.004395521245896816,0.04164112247526646,0,1,1
821,2048,0.004223391879349947,0.04164112247526646,0,1,1
822,2049,0.004306783899664879,0.04164112247526646,0,1,1
823,2050,0.004502598196268082,0.04164112247526646,0,1,1
824,2051,0.004359373822808266,0.04164112247526646,0,1,1
825,2052,0.004173144698143005,0.04164112247526646,0,1,1
826,2053,0.0038973181508481503,0.04164112247526646,0,1,1
827,2054,0.003993102349340916,0.04164112247526646,0,1,1
828,2055,0.004771147854626179,0.04164112247526646,0,1,1
829,2056,0.0043927445076406,0.04164112247526646,0,1,1
830,2057,0.004075426608324051,0.04164112247526646,0,1,1
831,2058,0.0036558189895004034,0.04164112247526646,0,1,1
832,2059,0.0035445760004222393,0.04164112247526646,0,1,1
833,2060,0.0033778257202357054,0.04164112247526646,0,1,1
834,2061,0.00358984200283885,0.04164112247526646,0,1,1
835,2062,0.003664473071694374,0.04164112247526646,0,1,1
836,2063,0.003655499778687954,0.04164112247526646,0,1,1
837,2064,0.0041206832975149155,0.04164112247526646,0,1,1
838,2065,0.0038689731154590845,0.04164112247526646,0,1,1
839,2066,0.003958654124289751,0.04164112247526646,0,1,1
840,2067,0.004256292246282101,0.04164112247526646,0,1,1
841,2068,0.004905179608613253,0.04164112247526646,0,1,1
842,2069,0.0048561254516243935,0.04164112247526646,0,1,1
843,2070,0.004812174942344427,0.04164112247526646,0,1,1
844,2071,0.004711494781076908,0.04164112247526646,0,1,1
845,2072,0.004883056040853262,0.04164112247526646,0,1,1
846,2073,0.00488703278824687,0.04164112247526646,0,1,1
847,2074,0.004764975048601627,0.04164112247526646,0,1,1
848,2075,0.005040006246417761,0.04164112247526646,0,1,1
849,2076,0.005181397311389446,0.04164112247526646,0,1,1
850,2077,0.00582258403301239,0.04164112247526646,0,1,1
851,2078,0.0049935877323150635,0.04164112247526646,0,1,1
852,2079,0.004956725984811783,0.04164112247526646,0,1,1
853,2080,0.004541999660432339,0.04164112247526646,0,1,1
854,2081,0.0041338000446558,0.04164112247526646,0,1,1
855,2082,0.004293670877814293,0.04164112247526646,0,1,1
856,2083,0.004696607124060392,0.04164112247526646,0,1,1
857,2084,0.004164820536971092,0.04164112247526646,0,1,1
858,2085,0.003726829309016466,0.04164112247526646,0,1,1
859,2086,0.003952494822442532,0.04164112247526646,0,1,1
860,2087,0.004437624476850033,0.04164112247526646,0,1,1
861,2088,0.00440672691911459,0.04164112247526646,0,1,1
862,2089,0.004105930216610432,0.04164112247526646,0,1,1
863,2090,0.004325028974562883,0.04164112247526646,0,1,1
864,2091,0.004168758634477854,0.04164112247526646,0,1,1
865,2092,0.0047896020114421844,0.04164112247526646,0,1,1
866,2093,0.0041351839900016785,0.04164112247526646,0,1,1
867,2094,0.00470329262316227,0.04164112247526646,0,1,1
868,2095,0.004707024898380041,0.04164112247526646,0,1,1
869,2096,0.005215451121330261,0.04164112247526646,0,1,1
870,2097,0.0046419003047049046,0.04164112247526646,0,1,1
871,2098,0.004328614566475153,0.04164112247526646,0,1,1
872,2099,0.004483073949813843,0.04164112247526646,0,1,1
873,2100,0.004847194999456406,0.04164112247526646,0,1,1
874,2101,0.005306256003677845,0.04164112247526646,0,1,1
875,2102,0.004405810497701168,0.04164112247526646,0,1,1
876,2103,0.00513308634981513,0.04164112247526646,0,1,1
877,2104,0.004246878437697887,0.04164112247526646,0,1,1
878,2105,0.004357052501291037,0.04164112247526646,0,1,1
879,2106,0.0035162032581865788,0.04164112247526646,0,1,1
880,2107,0.004271232057362795,0.04164112247526646,0,1,1
881,2108,0.0037495489232242107,0.04164112247526646,0,1,1
882,2109,0.003706832882016897,0.04164112247526646,0,1,1
883,2110,0.003778129816055298,0.04164112247526646,0,1,1
884,2111,0.003997488413006067,0.04164112247526646,0,1,1
885,2112,0.0037768115289509296,0.04164112247526646,0,1,1
886,2113,0.0034673153422772884,0.04164112247526646,0,1,1
887,2114,0.004557239823043346,0.04164112247526646,0,1,1
888,2115,0.0035822356585413218,0.04164112247526646,0,1,1
889,2116,0.0038589013274759054,0.04164112247526646,0,1,1
890,2117,0.0036840171087533236,0.04164112247526646,0,1,1
891,2118,0.004159200936555862,0.04164112247526646,0,1,1
892,2119,0.0034733074717223644,0.04164112247526646,0,1,1
893,2120,0.0035543045960366726,0.04164112247526646,0,1,1
894,2121,0.0033187889494001865,0.04164112247526646,0,1,1
895,2122,0.003648306243121624,0.04164112247526646,0,1,1
896,2123,0.0034887937363237143,0.04164112247526646,0,1,1
897,2124,0.003979174420237541,0.04164112247526646,0,1,1
898,2125,0.004029816947877407,0.04164112247526646,0,1,1
899,2126,0.004247873090207577,0.04164112247526646,0,1,1
900,2127,0.004559352062642574,0.04164112247526646,0,1,1
901,2128,0.003907583188265562,0.04164112247526646,0,1,1
902,2129,0.0038648487534374,0.04164112247526646,0,1,1
903,2130,0.0031032804399728775,0.04164112247526646,0,1,1
904,2131,0.0036088796332478523,0.04164112247526646,0,1,1
905,2132,0.003650055732578039,0.04164112247526646,0,1,1
906,2133,0.0038825268857181072,0.04164112247526646,0,1,1
907,2134,0.0032934867776930332,0.04164112247526646,0,1,1
908,2135,0.003551244968548417,0.04164112247526646,0,1,1
909,2136,0.0033558416180312634,0.04164112247526646,0,1,1
910,2137,0.004210050217807293,0.04164112247526646,0,1,1
911,2138,0.0042165545746684074,0.04164112247526646,0,1,1
912,2139,0.003984972834587097,0.04164112247526646,0,1,1
913,2140,0.003397764405235648,0.04164112247526646,0,1,1
914,2141,0.004125652369111776,0.04164112247526646,0,1,1
915,2142,0.0036068588960915804,0.04164112247526646,0,1,1
916,2143,0.0025179064832627773,0.04164112247526646,0,1,1
917,2144,0.002820331137627363,0.04164112247526646,0,1,1
918,2145,0.0038911805022507906,0.04164112247526646,0,1,1
919,2146,0.0042783948592841625,0.04164112247526646,0,1,1
920,2147,0.004569109063595533,0.04164112247526646,0,1,1
921,2148,0.00428408570587635,0.04164112247526646,0,1,1
922,2149,0.004127046559005976,0.04164112247526646,0,1,1
923,2150,0.005644744727760553,0.04164112247526646,0,1,1
924,2151,0.0048429882153868675,0.04164112247526646,0,1,1
925,2152,0.004022615030407906,0.04164112247526646,0,1,1
926,2153,0.0046921102330088615,0.04164112247526646,0,1,1
927,2154,0.004218703601509333,0.04164112247526646,0,1,1
928,2155,0.004599624313414097,0.04164112247526646,0,1,1
929,2156,0.005662663374096155,0.04164112247526646,0,1,1
930,2157,0.005100796930491924,0.04164112247526646,0,1,1
931,2158,0.005424153059720993,0.04164112247526646,0,1,1
932,2159,0.005752631463110447,0.04164112247526646,0,1,1
933,2160,0.004685520194470882,0.04164112247526646,0,1,1
934,2161,0.004134422168135643,0.04164112247526646,0,1,1
935,2162,0.004133645445108414,0.04164112247526646,0,1,1
936,2163,0.006124977953732014,0.04164112247526646,0,1,1
937,2164,0.00559970224276185,0.04164112247526646,0,1,1
938,2165,0.005398658104240894,0.04164112247526646,0,1,1
939,2166,0.005600948818027973,0.04164112247526646,0,1,1
940,2167,0.004556632600724697,0.04164112247526646,0,1,1
941,2168,0.004132238682359457,0.04164112247526646,0,1,1
942,2169,0.00404437817633152,0.04164112247526646,0,1,1
943,2170,0.004991427063941956,0.04164112247526646,0,1,1
944,2171,0.004861192777752876,0.04164112247526646,0,1,1
945,2172,0.0054747737012803555,0.04164112247526646,0,1,1
946,2173,0.006071586161851883,0.04164112247526646,0,1,1
947,2174,0.0043596262112259865,0.04164112247526646,0,1,1
948,2175,0.0036546792834997177,0.04164112247526646,0,1,1
949,2176,0.004451757296919823,0.04164112247526646,0,1,1
950,2177,0.004234589636325836,0.04164112247526646,0,1,1
951,2178,0.0039902422577142715,0.04164112247526646,0,1,1
952,2179,0.004137380979955196,0.04164112247526646,0,1,1
953,2180,0.003910656087100506,0.04164112247526646,0,1,1
954,2181,0.0037856444250792265,0.04164112247526646,0,1,1
955,2182,0.00449244724586606,0.04164112247526646,0,1,1
956,2183,0.004449679981917143,0.04164112247526646,0,1,1
957,2184,0.005182099994271994,0.04164112247526646,0,1,1
958,2185,0.005831810180097818,0.04164112247526646,0,1,1
959,2186,0.006787712685763836,0.04164112247526646,0,1,1
960,2187,0.005983544513583183,0.04164112247526646,0,1,1
961,2188,0.00451081246137619,0.04164112247526646,0,1,1
962,2189,0.004324234090745449,0.04164112247526646,0,1,1
963,2190,0.00555027648806572,0.04164112247526646,0,1,1
964,2191,0.005333803128451109,0.04164112247526646,0,1,1
965,2192,0.003995500970631838,0.04164112247526646,0,1,1
966,2193,0.0037281671538949013,0.04164112247526646,0,1,1
967,2194,0.0047283414751291275,0.04164112247526646,0,1,1
968,2195,0.006260653957724571,0.04164112247526646,0,1,1
969,2196,0.00739260483533144,0.04164112247526646,0,1,1
970,2197,0.005913225002586842,0.04164112247526646,0,1,1
971,2198,0.005579536315053701,0.04164112247526646,0,1,1
972,2199,0.005736593622714281,0.04164112247526646,0,1,1
973,2200,0.005228674039244652,0.04164112247526646,0,1,1
974,2201,0.0050588324666023254,0.04164112247526646,0,1,1
975,2202,0.0052129365503787994,0.04164112247526646,0,1,1
976,2203,0.004806580021977425,0.04164112247526646,0,1,1
977,2204,0.004561863839626312,0.04164112247526646,0,1,1
978,2205,0.007200910709798336,0.04164112247526646,0,1,1
979,2206,0.0071124183014035225,0.04164112247526646,0,1,1
980,2207,0.006195723544806242,0.04164112247526646,0,1,1
981,2208,0.006136803887784481,0.04164112247526646,0,1,1
982,2209,0.007072326261550188,0.04164112247526646,0,1,1
983,2210,0.0056784749031066895,0.04164112247526646,0,1,1
984,2211,0.005757004953920841,0.04164112247526646,0,1,1
985,2212,0.005574715323746204,0.04164112247526646,0,1,1
986,2213,0.006458081305027008,0.04164112247526646,0,1,1
987,2214,0.007252098061144352,0.04164112247526646,0,1,1
988,2215,0.0052231415174901485,0.04164112247526646,0,1,1
989,2216,0.004864284303039312,0.04164112247526646,0,1,1
990,2217,0.004165708087384701,0.04164112247526646,0,1,1
991,2218,0.004237005487084389,0.04164112247526646,0,1,1
992,2219,0.004826785530894995,0.04164112247526646,0,1,1
993,2220,0.005121592432260513,0.04164112247526646,0,1,1
994,2221,0.005690964870154858,0.04164112247526646,0,1,1
995,2222,0.006074376869946718,0.04164112247526646,0,1,1
996,2223,0.006196650676429272,0.04164112247526646,0,1,1
997,2224,0.005745142698287964,0.04164112247526646,0,1,1
998,2225,0.006566218100488186,0.04164112247526646,0,1,1
999,2226,0.005281201563775539,0.04164112247526646,0,1,1
1000,2227,0.0061148302629590034,0.04164112247526646,0,1,1
1001,2228,0.0045132627710700035,0.04164112247526646,0,1,1
1002,2229,0.004885668866336346,0.04164112247526646,0,1,1
1003,2230,0.003982443828135729,0.04164112247526646,0,1,1
1004,2231,0.0033585012424737215,0.04164112247526646,0,1,1
1005,2232,0.00444773118942976,0.04164112247526646,0,1,1
1006,2233,0.00593572435900569,0.04164112247526646,0,1,1
1007,2234,0.005897481460124254,0.04164112247526646,0,1,1
1008,2235,0.005214712116867304,0.04164112247526646,0,1,1
1009,2236,0.005458458326756954,0.04164112247526646,0,1,1
1010,2237,0.00603110296651721,0.04164112247526646,0,1,1
1011,2238,0.004265340510755777,0.04164112247526646,0,1,1
1012,2239,0.003977916203439236,0.04164112247526646,0,1,1
1013,2240,0.004353340249508619,0.04164112247526646,0,1,1
1014,2241,0.0064932857640087605,0.04164112247526646,0,1,1
1015,2242,0.007410396821796894,0.04164112247526646,0,1,1
1016,2243,0.007322179153561592,0.04164112247526646,0,1,1
1017,2244,0.0074799698777496815,0.04164112247526646,0,1,1
1018,2245,0.00758690619841218,0.04164112247526646,0,1,1
1019,2246,0.008588964119553566,0.04164112247526646,0,1,1
1020,2247,0.008852122351527214,0.04164112247526646,0,1,1
1021,2248,0.011173136532306671,0.04164112247526646,0,1,1
1022,2249,0.009286432527005672,0.04164112247526646,0,1,1
1023,2250,0.010579869151115417,0.04164112247526646,0,1,1
1024,2251,0.008744372054934502,0.04164112247526646,0,1,1
1025,2252,0.011602133512496948,0.04164112247526646,0,1,1
1026,2253,0.013202120549976826,0.04164112247526646,0,1,1
1027,2254,0.01677963137626648,0.04164112247526646,0,1,1
1028,2255,0.017653781920671463,0.04164112247526646,0,1,1
1029,2256,0.012167689390480518,0.04164112247526646,0,1,1
1030,2257,0.01706833764910698,0.04164112247526646,0,1,1
1031,2258,0.02016332745552063,0.04164112247526646,0,1,1
1032,2259,0.02162976562976837,0.04164112247526646,0,1,1
1033,2260,0.03143605962395668,0.04164112247526646,0,1,1
1034,2261,0.029578298330307007,0.04164112247526646,0,1,1
1035,2262,0.032961614429950714,0.04164112247526646,0,1,1
1036,2263,0.02352243661880493,0.04164112247526646,0,1,1
1037,2264,0.01674162596464157,0.04164112247526646,0,1,1
1038,2265,0.022023629397153854,0.04164112247526646,0,1,1
1039,2266,0.020322958007454872,0.04164112247526646,0,1,1
1040,2267,0.026750514283776283,0.04164112247526646,0,1,1
1041,2268,0.03294697403907776,0.04164112247526646,0,1,1
1042,2269,0.030047861859202385,0.04164112247526646,0,1,1
1043,2270,0.030240129679441452,0.04164112247526646,0,1,1
1044,2271,0.040058866143226624,0.04164112247526646,0,1,1
1045,2272,0.02511950209736824,0.04164112247526646,0,1,1
1046,2273,0.059101402759552,0.04164112247526646,0,1,0
1047,2274,0.02320488542318344,0.04164112247526646,0,1,1
1048,2275,0.009956011548638344,0.04164112247526646,0,1,1
1049,2276,0.012005478143692017,0.04164112247526646,0,1,1
1050,2277,0.025592664256691933,0.04164112247526646,0,1,1
1051,2278,0.028509890660643578,0.04164112247526646,0,1,1
1052,2279,0.029943469911813736,0.04164112247526646,0,1,1
1053,2280,0.027352793142199516,0.04164112247526646,0,1,1
1054,2281,0.025110650807619095,0.04164112247526646,0,1,1
1055,2282,0.03709195926785469,0.04164112247526646,0,1,1
1056,2283,0.044698044657707214,0.04164112247526646,0,1,0
1057,2284,0.02699168212711811,0.04164112247526646,0,1,1
1058,2285,0.052664753049612045,0.04164112247526646,0,1,0
1059,2286,0.044771019369363785,0.04164112247526646,0,1,0
1060,2287,0.03730146586894989,0.04164112247526646,0,1,1
1061,2288,0.04604504629969597,0.04164112247526646,0,1,0
1062,2289,0.04646788537502289,0.04164112247526646,0,1,0
1063,2290,0.04820094257593155,0.04164112247526646,0,1,0
1064,2291,0.07285240292549133,0.04164112247526646,0,1,0
1065,2292,0.07887591421604156,0.04164112247526646,0,1,0
1066,2293,0.09973487257957458,0.04164112247526646,0,1,0
1067,2294,0.0631040632724762,0.04164112247526646,0,1,0
1068,2295,0.06227029860019684,0.04164112247526646,0,1,0
1069,2296,0.09549868851900101,0.04164112247526646,0,1,0
1070,2297,0.07367045432329178,0.04164112247526646,0,1,0
1071,2298,0.07659854739904404,0.04164112247526646,0,1,0
1072,2299,0.09265853464603424,0.04164112247526646,0,1,0
1073,2300,0.07917828857898712,0.04164112247526646,0,1,0
1074,2301,0.13438153266906738,0.04164112247526646,0,1,0
1075,2302,0.10790002346038818,0.04164112247526646,0,1,0
1076,2303,0.12119520455598831,0.04164112247526646,0,1,0
1077,2304,0.11996042728424072,0.04164112247526646,0,1,0
1078,2305,0.14241565763950348,0.04164112247526646,0,1,0
1079,2306,0.1203327625989914,0.04164112247526646,0,1,0
1080,2307,0.1301172971725464,0.04164112247526646,0,1,0
1081,2308,0.10811462998390198,0.04164112247526646,0,1,0
1082,2309,0.08516727387905121,0.04164112247526646,0,1,0
1083,2310,0.11546844989061356,0.04164112247526646,0,1,0
1084,2311,0.10600552707910538,0.04164112247526646,0,1,0
1085,2312,0.129436194896698,0.04164112247526646,0,1,0
1086,2313,0.05205974727869034,0.04164112247526646,0,1,0
1087,2314,0.08148261159658432,0.04164112247526646,0,1,0
1088,2315,0.07179045677185059,0.04164112247526646,0,1,0
1089,2316,0.07292696088552475,0.04164112247526646,0,1,0
1090,2317,0.054408084601163864,0.04164112247526646,0,1,0
1091,2318,0.0599883571267128,0.04164112247526646,0,1,0
1092,2319,0.028478533029556274,0.04164112247526646,0,1,1
1093,2320,0.047485776245594025,0.04164112247526646,0,1,0
1094,2321,0.04537012800574303,0.04164112247526646,0,1,0
1095,2322,0.048590488731861115,0.04164112247526646,0,1,0
1096,2323,0.05283227935433388,0.04164112247526646,0,1,0
1097,2324,0.04860829934477806,0.04164112247526646,0,1,0
1098,2325,0.054893795400857925,0.04164112247526646,0,1,0
1099,2326,0.05374408885836601,0.04164112247526646,0,1,0
1100,2327,0.04142200946807861,0.04164112247526646,0,1,1
1101,2328,0.05488527566194534,0.04164112247526646,0,1,0
1102,2329,0.06703908741474152,0.04164112247526646,0,1,0
1103,2330,0.06610316783189774,0.04164112247526646,0,1,0
1104,2331,0.08933749049901962,0.04164112247526646,0,1,0
1105,2332,0.09055858850479126,0.04164112247526646,0,1,0
1106,2333,0.1145128682255745,0.04164112247526646,0,1,0
1107,2334,0.05785226821899414,0.04164112247526646,0,1,0
1108,2335,0.04434836655855179,0.04164112247526646,0,1,0
1109,2336,0.047887902706861496,0.04164112247526646,0,1,0
1110,2337,0.05460840463638306,0.04164112247526646,0,1,0
1111,2338,0.062125496566295624,0.04164112247526646,0,1,0
1112,2339,0.03721034526824951,0.04164112247526646,0,1,1
1113,2340,0.0460042804479599,0.04164112247526646,0,1,0
1114,2341,0.05605383217334747,0.04164112247526646,0,1,0
1115,2342,0.0448460727930069,0.04164112247526646,0,1,0
1116,2343,0.03011918067932129,0.04164112247526646,0,1,1
1117,2344,0.03288070484995842,0.04164112247526646,0,1,1
1118,2345,0.04314374178647995,0.04164112247526646,0,1,0
1119,2346,0.0419217124581337,0.04164112247526646,0,1,0
1120,2347,0.03971811383962631,0.04164112247526646,0,1,1
1121,2348,0.036900416016578674,0.04164112247526646,0,1,1
1122,2349,0.03776960447430611,0.04164112247526646,0,1,1
1123,2350,0.02454299107193947,0.04164112247526646,0,1,1
1124,2351,0.028199762105941772,0.04164112247526646,0,1,1
1125,2352,0.02485683560371399,0.04164112247526646,0,1,1
1126,2353,0.029775898903608322,0.04164112247526646,0,1,1
1127,2354,0.0219643022865057,0.04164112247526646,0,1,1
1128,2355,0.015968982130289078,0.04164112247526646,0,1,1
1129,2356,0.014066381379961967,0.04164112247526646,0,1,1
1130,2357,0.01908712275326252,0.04164112247526646,0,1,1
1131,2358,0.018702320754528046,0.04164112247526646,0,1,1
1132,2359,0.018138568848371506,0.04164112247526646,0,1,1
1133,2360,0.0347079262137413,0.04164112247526646,0,1,1
1134,2361,0.05842781811952591,0.04164112247526646,0,1,0
1135,2362,0.04908952862024307,0.04164112247526646,0,1,0
1136,2363,0.035791266709566116,0.04164112247526646,0,1,1
1137,2364,0.02490066923201084,0.04164112247526646,0,1,1
1138,2365,0.0924760177731514,0.04164112247526646,0,1,0
1139,2366,0.07920385152101517,0.04164112247526646,0,1,0
1140,2367,0.06397740542888641,0.04164112247526646,0,1,0
1141,2368,0.07400131970643997,0.04164112247526646,0,1,0
1142,2369,0.058689817786216736,0.04164112247526646,0,1,0
1143,2370,0.03903086110949516,0.04164112247526646,0,1,1
1144,2371,0.040841832756996155,0.04164112247526646,0,1,1
1145,2372,0.034744180738925934,0.04164112247526646,0,1,1
1146,2373,0.0323914960026741,0.04164112247526646,0,1,1
1147,2374,0.026950204744935036,0.04164112247526646,0,1,1
1148,2375,0.03331300616264343,0.04164112247526646,0,1,1
1149,2376,0.023518070578575134,0.04164112247526646,0,1,1
1150,2377,0.01974865049123764,0.04164112247526646,0,1,1
1151,2378,0.015948373824357986,0.04164112247526646,0,1,1
1152,2379,0.016848895698785782,0.04164112247526646,0,1,1
1153,2380,0.019652219489216805,0.04164112247526646,0,1,1
1154,2381,0.017622943967580795,0.04164112247526646,0,1,1
1155,2382,0.012594764120876789,0.04164112247526646,0,1,1
1156,2383,0.013714264146983624,0.04164112247526646,0,1,1
1157,2384,0.01424875482916832,0.04164112247526646,0,1,1
1158,2385,0.011346101760864258,0.04164112247526646,0,1,1
1159,2386,0.011800944805145264,0.04164112247526646,0,1,1
1160,2387,0.01565437950193882,0.04164112247526646,0,1,1
1161,2388,0.01125132106244564,0.04164112247526646,0,1,1
1162,2389,0.00907084159553051,0.04164112247526646,0,1,1
1163,2390,0.008001632988452911,0.04164112247526646,0,1,1
1164,2391,0.008315812796354294,0.04164112247526646,0,1,1
1165,2392,0.010251428000628948,0.04164112247526646,0,1,1
1166,2393,0.009391115978360176,0.04164112247526646,0,1,1
1167,2394,0.010545555502176285,0.04164112247526646,0,1,1
1168,2395,0.01882600039243698,0.04164112247526646,0,1,1
1169,2396,0.0261424258351326,0.04164112247526646,0,1,1
1170,2397,0.01628347486257553,0.04164112247526646,0,1,1
1171,2398,0.025843292474746704,0.04164112247526646,0,1,1
1172,2399,0.03433695062994957,0.04164112247526646,0,1,1
1173,2400,0.036107901483774185,0.04164112247526646,0,1,1
1174,2401,0.03238880634307861,0.04164112247526646,0,1,1
1175,2402,0.03317073732614517,0.04164112247526646,0,1,1
1176,2403,0.03348171338438988,0.04164112247526646,0,1,1
1177,2404,0.028759200125932693,0.04164112247526646,0,1,1
1178,2405,0.023305293172597885,0.04164112247526646,0,1,1
1179,2406,0.0212404765188694,0.04164112247526646,0,1,1
1180,2407,0.030071649700403214,0.04164112247526646,0,1,1
1181,2408,0.024259407073259354,0.04164112247526646,0,1,1
1182,2409,0.01933342218399048,0.04164112247526646,0,1,1
1183,2410,0.031269341707229614,0.04164112247526646,0,1,1
1184,2411,0.049143802374601364,0.04164112247526646,0,1,0
1185,2412,0.03665953129529953,0.04164112247526646,0,1,1
1186,2413,0.03795576095581055,0.04164112247526646,0,1,1
1187,2414,0.018433023244142532,0.04164112247526646,0,1,1
1188,2415,0.035981565713882446,0.04164112247526646,0,1,1
1189,2416,0.03419949859380722,0.04164112247526646,0,1,1
1190,2417,0.021308038383722305,0.04164112247526646,0,1,1
1191,2418,0.023934967815876007,0.04164112247526646,0,1,1
1192,2419,0.01984843611717224,0.04164112247526646,0,1,1
1193,2420,0.023489883169531822,0.04164112247526646,0,1,1
1194,2421,0.03079700656235218,0.04164112247526646,0,1,1
1195,2422,0.026063743978738785,0.04164112247526646,0,1,1
1196,2423,0.02414076402783394,0.04164112247526646,0,1,1
1197,2424,0.021062679588794708,0.04164112247526646,0,1,1
1198,2425,0.015341192483901978,0.04164112247526646,0,1,1
1199,2426,0.012976231053471565,0.04164112247526646,0,1,1
1200,2427,0.01676139235496521,0.04164112247526646,0,1,1
1201,2428,0.012617486529052258,0.04164112247526646,0,1,1
1202,2429,0.016226090490818024,0.04164112247526646,0,1,1
1203,2430,0.014578277245163918,0.04164112247526646,0,1,1
1204,2431,0.014036651700735092,0.04164112247526646,0,1,1
1205,2432,0.012297687120735645,0.04164112247526646,0,1,1
1206,2433,0.011497395113110542,0.04164112247526646,0,1,1
1207,2434,0.019773907959461212,0.04164112247526646,0,1,1
1208,2435,0.015374591574072838,0.04164112247526646,0,1,1
1209,2436,0.01242502499371767,0.04164112247526646,0,1,1
1210,2437,0.009010803885757923,0.04164112247526646,0,1,1
1211,2438,0.010921684093773365,0.04164112247526646,0,1,1
1212,2439,0.012839231640100479,0.04164112247526646,0,1,1
1213,2440,0.014794325456023216,0.04164112247526646,0,1,1
1214,2441,0.01650127023458481,0.04164112247526646,0,1,1
1215,2442,0.016292430460453033,0.04164112247526646,0,1,1
1216,2443,0.021561630070209503,0.04164112247526646,0,1,1
1217,2444,0.024805236607789993,0.04164112247526646,0,1,1
1218,2445,0.04578690230846405,0.04164112247526646,0,1,0
1219,2446,0.05200991407036781,0.04164112247526646,0,1,0
1220,2447,0.038453832268714905,0.04164112247526646,0,1,1
1221,2448,0.04432496428489685,0.04164112247526646,0,1,0
1222,2449,0.033277396112680435,0.04164112247526646,0,1,1
1223,2450,0.03009512647986412,0.04164112247526646,0,1,1
1224,2451,0.012999629601836205,0.04164112247526646,0,1,1
1225,2452,0.027516493573784828,0.04164112247526646,0,1,1
1226,2453,0.028429154306650162,0.04164112247526646,0,1,1
